{"stats":{"minecraft:dropped":{"minecraft:wooden_axe":1,"minecraft:cobblestone":1,"minecraft:wooden_pickaxe":6},"minecraft:used":{"minecraft:wooden_axe":9,"minecraft:bread":15,"minecraft:stone_pickaxe":95,"minecraft:iron_pickaxe":84,"minecraft:spruce_planks":18,"minecraft:shield":11,"minecraft:wooden_pickaxe":3,"minecraft:spruce_sapling":2,"minecraft:torch":4,"minecraft:stone_axe":23,"minecraft:cobblestone":29,"minecraft:crafting_table":4,"minecraft:furnace":2,"minecraft:andesite":1,"minecraft:dripstone_block":1,"minecraft:cobbled_deepslate":17},"minecraft:custom":{"minecraft:time_since_rest":318,"minecraft:interact_with_furnace":12,"minecraft:sprint_one_cm":66342,"minecraft:damage_taken":1215,"minecraft:walk_one_cm":68488,"minecraft:damage_blocked_by_shield":460,"minecraft:mob_kills":10,"minecraft:drop":8,"minecraft:damage_dealt":1771,"minecraft:interact_with_crafting_table":17,"minecraft:fly_one_cm":86312,"minecraft:deaths":1,"minecraft:crouch_one_cm":11713,"minecraft:play_time":30000,"minecraft:sneak_time":3268,"minecraft:walk_under_water_one_cm":1353,"minecraft:jump":598,"minecraft:walk_on_water_one_cm":995,"minecraft:time_since_death":169,"minecraft:total_world_time":30000,"minecraft:fall_one_cm":26646},"minecraft:crafted":{"minecraft:shield":1,"minecraft:crafting_table":2,"minecraft:spruce_planks":44,"minecraft:stick":12,"minecraft:wooden_pickaxe":1,"minecraft:iron_ingot":17,"minecraft:iron_pickaxe":1,"minecraft:stone_pickaxe":1,"minecraft:wooden_axe":1,"minecraft:furnace":1,"minecraft:stone_axe":1,"minecraft:air":0},"minecraft:killed":{"minecraft:skeleton":6,"minecraft:zombie":3,"minecraft:spider":1},"minecraft:picked_up":{"minecraft:crafting_table":3,"minecraft:raw_iron":89,"minecraft:andesite":1,"minecraft:torch":4,"minecraft:wooden_pickaxe":5,"minecraft:dripstone_block":1,"minecraft:spruce_sapling":2,"minecraft:pointed_dripstone":2,"minecraft:redstone":14,"minecraft:spruce_log":15,"minecraft:spider_eye":1,"minecraft:lapis_lazuli":62,"minecraft:bone":6,"minecraft:arrow":7,"minecraft:rotten_flesh":1,"minecraft:diamond":1,"minecraft:bow":1,"minecraft:cobbled_deepslate":17,"minecraft:raw_gold":4,"minecraft:coal":25,"minecraft:cobblestone":44,"minecraft:furnace":2},"minecraft:mined":{"minecraft:diamond_ore":1,"minecraft:redstone_ore":3,"minecraft:furnace":2,"minecraft:iron_ore":46,"minecraft:andesite":1,"minecraft:spruce_log":15,"minecraft:deepslate_lapis_ore":3,"minecraft:crafting_table":3,"minecraft:pointed_dripstone":2,"minecraft:coal_ore":10,"minecraft:deepslate_iron_ore":36,"minecraft:dripstone_block":1,"minecraft:lapis_ore":6,"minecraft:spruce_leaves":1,"minecraft:deepslate_gold_ore":4,"minecraft:stone":45,"minecraft:wall_torch":4,"minecraft:deepslate":17}},"DataVersion":3465}