{"stats":{"minecraft:crafted":{"minecraft:oak_planks":8,"minecraft:spruce_sign":2,"minecraft:crafting_table":2,"minecraft:spruce_planks":56,"minecraft:iron_helmet":1,"minecraft:wooden_pickaxe":1,"minecraft:iron_sword":1,"minecraft:furnace":1,"minecraft:bucket":2,"minecraft:stone_axe":1,"minecraft:cooked_mutton":2,"minecraft:air":0,"minecraft:book":2,"minecraft:iron_boots":1,"minecraft:iron_chestplate":1,"minecraft:shield":1,"minecraft:stick":28,"minecraft:iron_ingot":89,"minecraft:iron_pickaxe":1,"minecraft:stone_pickaxe":1,"minecraft:wooden_axe":1,"minecraft:iron_shovel":1,"minecraft:iron_leggings":1,"minecraft:white_bed":1,"minecraft:stone_hoe":1,"minecraft:shears":1},"minecraft:killed":{"minecraft:pig":7,"minecraft:spider":5,"minecraft:creeper":1,"minecraft:skeleton":8,"minecraft:sheep":6,"minecraft:zombie":5,"minecraft:chicken":4,"minecraft:cow":5},"minecraft:broken":{"minecraft:stone_pickaxe":1},"minecraft:picked_up":{"minecraft:crafting_table":5,"minecraft:wheat":2,"minecraft:feather":3,"minecraft:cooked_beef":1,"minecraft:chicken":4,"minecraft:glow_ink_sac":2,"minecraft:andesite":1,"minecraft:leather":4,"minecraft:wooden_pickaxe":5,"minecraft:flint":1,"minecraft:oak_log":2,"minecraft:shield":1,"minecraft:lapis_lazuli":124,"minecraft:dirt":80,"minecraft:string":2,"minecraft:name_tag":1,"minecraft:bone":14,"minecraft:apple":1,"minecraft:bow":2,"minecraft:wheat_seeds":12,"minecraft:cobbled_deepslate":17,"minecraft:raw_gold":8,"minecraft:spruce_planks":12,"minecraft:beef":10,"minecraft:iron_ingot":16,"minecraft:stone_pickaxe":1,"minecraft:iron_pickaxe":1,"minecraft:furnace":3,"minecraft:stick":6,"minecraft:raw_iron":161,"minecraft:cooked_porkchop":6,"minecraft:torch":12,"minecraft:dripstone_block":1,"minecraft:gravel":9,"minecraft:porkchop":12,"minecraft:spruce_sapling":3,"minecraft:pointed_dripstone":5,"minecraft:spruce_log":28,"minecraft:redstone":61,"minecraft:spider_eye":3,"minecraft:arrow":14,"minecraft:rotten_flesh":4,"minecraft:diamond":2,"minecraft:stone_axe":2,"minecraft:granite":5,"minecraft:bread":15,"minecraft:oak_leaves":1,"minecraft:oak_sapling":3,"minecraft:glow_berries":3,"minecraft:mutton":11,"minecraft:obsidian":4,"minecraft:coal":32,"minecraft:white_wool":15,"minecraft:cobblestone":154},"minecraft:mined":{"minecraft:deepslate_redstone_ore":7,"minecraft:diamond_ore":1,"minecraft:sculk_vein":2,"minecraft:powder_snow":2,"minecraft:crafting_table":4,"minecraft:torch":1,"minecraft:grass_block":16,"minecraft:cobblestone":9,"minecraft:spruce_leaves":3,"minecraft:lapis_ore":6,"minecraft:deepslate_gold_ore":4,"minecraft:wall_torch":4,"minecraft:large_fern":2,"minecraft:redstone_ore":3,"minecraft:furnace":2,"minecraft:wheat":2,"minecraft:iron_ore":53,"minecraft:fire":2,"minecraft:spruce_log":25,"minecraft:andesite":1,"minecraft:deepslate_lapis_ore":3,"minecraft:grass":106,"minecraft:coal_ore":10,"minecraft:pointed_dripstone":3,"minecraft:oak_log":2,"minecraft:deepslate_iron_ore":36,"minecraft:gravel":12,"minecraft:dripstone_block":1,"minecraft:dirt":8,"minecraft:stone":108,"minecraft:oak_leaves":10,"minecraft:deepslate":17,"minecraft:fern":6},"minecraft:custom":{"minecraft:interact_with_furnace":42,"minecraft:mob_kills":43,"minecraft:interact_with_crafting_table":40,"minecraft:leave_game":1,"minecraft:time_since_death":88609,"minecraft:time_since_rest":88658,"minecraft:sprint_one_cm":288849,"minecraft:damage_taken":2495,"minecraft:walk_one_cm":226325,"minecraft:damage_blocked_by_shield":700,"minecraft:drop":19,"minecraft:damage_dealt":5797,"minecraft:swim_one_cm":7292,"minecraft:fly_one_cm":381652,"minecraft:player_kills":2,"minecraft:open_chest":18,"minecraft:crouch_one_cm":15254,"minecraft:play_time":119846,"minecraft:deaths":2,"minecraft:sneak_time":5241,"minecraft:walk_under_water_one_cm":20752,"minecraft:jump":1814,"minecraft:walk_on_water_one_cm":10392,"minecraft:total_world_time":119846,"minecraft:fall_one_cm":68469},"minecraft:used":{"minecraft:wheat_seeds":12,"minecraft:cooked_mutton":1,"minecraft:water_bucket":25,"minecraft:iron_shovel":24,"minecraft:stone_pickaxe":129,"minecraft:shield":15,"minecraft:spruce_planks":18,"minecraft:wooden_pickaxe":3,"minecraft:iron_sword":50,"minecraft:spruce_sign":1,"minecraft:stone_hoe":97,"minecraft:oak_leaves":1,"minecraft:torch":9,"minecraft:dirt":9,"minecraft:crafting_table":6,"minecraft:white_bed":1,"minecraft:dripstone_block":1,"minecraft:shears":1,"minecraft:wooden_axe":9,"minecraft:bread":30,"minecraft:string":1,"minecraft:iron_pickaxe":143,"minecraft:spruce_sapling":3,"minecraft:gravel":9,"minecraft:stone_axe":75,"minecraft:cobblestone":83,"minecraft:furnace":3,"minecraft:cooked_porkchop":6,"minecraft:bucket":26,"minecraft:andesite":1,"minecraft:cooked_beef":1,"minecraft:pointed_dripstone":3,"minecraft:cobbled_deepslate":17},"minecraft:dropped":{"minecraft:spruce_sign":2,"minecraft:stone_axe":1,"minecraft:cobblestone":1,"minecraft:rotten_flesh":3,"minecraft:granite":5,"minecraft:dirt":57,"minecraft:wooden_axe":1,"minecraft:oak_sapling":3,"minecraft:spider_eye":2,"minecraft:wooden_pickaxe":6,"minecraft:string":1}},"DataVersion":3465}