{"stats":{"minecraft:custom":{"minecraft:time_since_rest":46083,"minecraft:crouch_one_cm":2348,"minecraft:sprint_one_cm":5095,"minecraft:play_time":46083,"minecraft:walk_one_cm":18151,"minecraft:sneak_time":1475,"minecraft:walk_under_water_one_cm":9336,"minecraft:drop":1,"minecraft:jump":85,"minecraft:damage_dealt":10,"minecraft:leave_game":1,"minecraft:time_since_death":46083,"minecraft:walk_on_water_one_cm":15952,"minecraft:total_world_time":46083,"minecraft:fly_one_cm":344447,"minecraft:fall_one_cm":476},"minecraft:dropped":{"minecraft:stone":1},"minecraft:used":{"minecraft:oak_leaves":34,"minecraft:black_wool":30,"minecraft:grass_block":7,"minecraft:red_concrete":33,"minecraft:stone":17,"minecraft:white_concrete":18,"minecraft:kelp":10,"minecraft:gravel":26}},"DataVersion":3465}