{"stats":{"minecraft:crafted":{"minecraft:oak_planks":8,"minecraft:furnace":1,"minecraft:cooked_mutton":2,"minecraft:flint_and_steel":1,"minecraft:iron_boots":1,"minecraft:stone_pickaxe":1,"minecraft:chest":2,"minecraft:stone_hoe":1,"minecraft:spruce_sign":2,"minecraft:crafting_table":2,"minecraft:enchanting_table":1,"minecraft:spruce_planks":96,"minecraft:wooden_pickaxe":1,"minecraft:iron_helmet":1,"minecraft:iron_sword":1,"minecraft:bucket":2,"minecraft:stone_axe":1,"minecraft:bread":2,"minecraft:air":0,"minecraft:iron_chestplate":1,"minecraft:book":2,"minecraft:shield":1,"minecraft:stick":28,"minecraft:iron_ingot":89,"minecraft:iron_pickaxe":1,"minecraft:wooden_axe":1,"minecraft:iron_shovel":1,"minecraft:iron_leggings":1,"minecraft:white_bed":1,"minecraft:shears":1},"minecraft:killed":{"minecraft:witch":1,"minecraft:spider":6,"minecraft:skeleton":9,"minecraft:chicken":4,"minecraft:warden":1,"minecraft:pig":10,"minecraft:zombie_villager":1,"minecraft:creeper":1,"minecraft:sheep":12,"minecraft:zombie":10,"minecraft:glow_squid":1,"minecraft:cow":7},"minecraft:broken":{"minecraft:stone_pickaxe":1},"minecraft:picked_up":{"minecraft:iron_chestplate":9,"minecraft:crafting_table":5,"minecraft:wheat":21,"minecraft:chicken":4,"minecraft:lead":3,"minecraft:wooden_pickaxe":5,"minecraft:shield":12,"minecraft:string":38,"minecraft:flint_and_steel":11,"minecraft:iron_leggings":7,"minecraft:iron_shovel":11,"minecraft:cobbled_deepslate":37,"minecraft:bucket":11,"minecraft:spruce_planks":152,"minecraft:beef":10,"minecraft:iron_pickaxe":12,"minecraft:iron_boots":10,"minecraft:furnace":3,"minecraft:raw_iron":161,"minecraft:stick":641,"minecraft:torch":22,"minecraft:porkchop":12,"minecraft:pointed_dripstone":292,"minecraft:carrot":1,"minecraft:redstone":578,"minecraft:arrow":117,"minecraft:rotten_flesh":4,"minecraft:shears":8,"minecraft:white_terracotta":10,"minecraft:obsidian":48,"minecraft:glow_berries":33,"minecraft:mutton":11,"minecraft:cobblestone":158,"minecraft:white_wool":231,"minecraft:enchanting_table":1,"minecraft:feather":36,"minecraft:cooked_beef":15,"minecraft:glow_ink_sac":44,"minecraft:water_bucket":11,"minecraft:andesite":1,"minecraft:leather":107,"minecraft:flint":1,"minecraft:oak_log":2,"minecraft:lapis_lazuli":912,"minecraft:dirt":85,"minecraft:name_tag":12,"minecraft:cooked_mutton":106,"minecraft:bone":98,"minecraft:apple":1,"minecraft:bow":13,"minecraft:wheat_seeds":47,"minecraft:raw_gold":52,"minecraft:iron_ingot":588,"minecraft:stone_pickaxe":1,"minecraft:stone_hoe":13,"minecraft:iron_sword":11,"minecraft:sculk_catalyst":1,"minecraft:cooked_porkchop":9,"minecraft:gravel":9,"minecraft:dripstone_block":1,"minecraft:spruce_sapling":3,"minecraft:white_bed":5,"minecraft:spruce_log":83,"minecraft:spider_eye":16,"minecraft:sugar":2,"minecraft:diamond":10,"minecraft:stone_axe":13,"minecraft:iron_helmet":8,"minecraft:granite":5,"minecraft:bread":15,"minecraft:oak_sapling":3,"minecraft:coal":41,"minecraft:oak_leaves":1},"minecraft:custom":{"minecraft:mob_kills":67,"minecraft:interact_with_crafting_table":48,"minecraft:leave_game":1,"minecraft:time_since_death":31939,"minecraft:sprint_one_cm":442078,"minecraft:walk_one_cm":338385,"minecraft:damage_blocked_by_shield":905,"minecraft:drop":39,"minecraft:play_time":185846,"minecraft:deaths":14,"minecraft:sneak_time":14090,"minecraft:walk_under_water_one_cm":23029,"minecraft:jump":2898,"minecraft:interact_with_blast_furnace":1,"minecraft:walk_on_water_one_cm":18326,"minecraft:enchant_item":1,"minecraft:total_world_time":185846,"minecraft:interact_with_furnace":42,"minecraft:sleep_in_bed":3,"minecraft:time_since_rest":682,"minecraft:damage_taken":7703,"minecraft:damage_dealt":10515,"minecraft:player_kills":2,"minecraft:fly_one_cm":567937,"minecraft:swim_one_cm":19103,"minecraft:open_chest":28,"minecraft:crouch_one_cm":38230,"minecraft:fall_one_cm":105453,"minecraft:horse_one_cm":270955},"minecraft:used":{"minecraft:enchanting_table":1,"minecraft:iron_shovel":24,"minecraft:flint_and_steel":21,"minecraft:spruce_planks":81,"minecraft:shield":20,"minecraft:white_terracotta":5,"minecraft:iron_sword":149,"minecraft:stone_hoe":97,"minecraft:torch":13,"minecraft:dirt":28,"minecraft:wooden_axe":9,"minecraft:furnace":3,"minecraft:cooked_beef":9,"minecraft:cobbled_deepslate":20,"minecraft:pointed_dripstone":95,"minecraft:wheat_seeds":27,"minecraft:cooked_mutton":8,"minecraft:water_bucket":53,"minecraft:stone_pickaxe":129,"minecraft:wooden_pickaxe":3,"minecraft:spruce_sign":1,"minecraft:oak_leaves":1,"minecraft:crafting_table":6,"minecraft:white_bed":6,"minecraft:dripstone_block":1,"minecraft:shears":1,"minecraft:apple":1,"minecraft:bread":32,"minecraft:string":1,"minecraft:iron_pickaxe":202,"minecraft:deepslate":40,"minecraft:spruce_sapling":3,"minecraft:gravel":9,"minecraft:stone_axe":75,"minecraft:cobblestone":141,"minecraft:cooked_porkchop":9,"minecraft:andesite":1,"minecraft:bucket":54},"minecraft:mined":{"minecraft:diamond_ore":1,"minecraft:spruce_planks":5,"minecraft:white_bed":5,"minecraft:deepslate_diamond_ore":8,"minecraft:sculk_vein":5,"minecraft:grass_block":20,"minecraft:spruce_leaves":9,"minecraft:large_fern":9,"minecraft:redstone_ore":3,"minecraft:furnace":2,"minecraft:iron_ore":53,"minecraft:fire":22,"minecraft:andesite":1,"minecraft:deepslate_lapis_ore":4,"minecraft:enchanting_table":1,"minecraft:pointed_dripstone":25,"minecraft:deepslate_iron_ore":36,"minecraft:stone":109,"minecraft:deepslate_redstone_ore":7,"minecraft:powder_snow":2,"minecraft:crafting_table":4,"minecraft:torch":1,"minecraft:cobblestone":12,"minecraft:deepslate_gold_ore":4,"minecraft:lapis_ore":6,"minecraft:sculk":4,"minecraft:wall_torch":4,"minecraft:white_terracotta":5,"minecraft:wheat":27,"minecraft:spruce_log":25,"minecraft:birch_leaves":2,"minecraft:grass":107,"minecraft:oak_log":2,"minecraft:coal_ore":10,"minecraft:dirt":9,"minecraft:gravel":12,"minecraft:dripstone_block":1,"minecraft:fern":6,"minecraft:oak_leaves":20,"minecraft:deepslate":31,"minecraft:suspicious_gravel":1},"minecraft:dropped":{"minecraft:stone_hoe":3,"minecraft:spruce_sign":2,"minecraft:lapis_lazuli":1,"minecraft:cobblestone":1,"minecraft:granite":5,"minecraft:coal":1,"minecraft:dirt":57,"minecraft:wooden_axe":1,"minecraft:string":1,"minecraft:stone_axe":1,"minecraft:deepslate":1,"minecraft:pointed_dripstone":138,"minecraft:rotten_flesh":3,"minecraft:white_terracotta":5,"minecraft:oak_sapling":3,"minecraft:spider_eye":3,"minecraft:wooden_pickaxe":6},"minecraft:killed_by":{"minecraft:warden":12}},"DataVersion":3465}