{"stats":{"minecraft:custom":{"minecraft:jump":48,"minecraft:time_since_rest":34083,"minecraft:damage_dealt":10,"minecraft:crouch_one_cm":1053,"minecraft:play_time":34083,"minecraft:leave_game":1,"minecraft:sprint_one_cm":2209,"minecraft:walk_on_water_one_cm":15952,"minecraft:time_since_death":34083,"minecraft:walk_one_cm":7569,"minecraft:sneak_time":784,"minecraft:total_world_time":34083,"minecraft:walk_under_water_one_cm":9336,"minecraft:fall_one_cm":476,"minecraft:fly_one_cm":255696},"minecraft:used":{"minecraft:oak_leaves":34,"minecraft:black_wool":11,"minecraft:stone":16,"minecraft:kelp":10,"minecraft:gravel":26,"minecraft:grass_block":7}},"DataVersion":3465}