{"stats":{"minecraft:custom":{"minecraft:time_since_rest":58083,"minecraft:crouch_one_cm":3404,"minecraft:sprint_one_cm":8271,"minecraft:play_time":58083,"minecraft:walk_one_cm":31056,"minecraft:mob_kills":1,"minecraft:sneak_time":2094,"minecraft:walk_under_water_one_cm":9336,"minecraft:interact_with_anvil":1,"minecraft:drop":3,"minecraft:jump":110,"minecraft:damage_dealt":229,"minecraft:leave_game":1,"minecraft:time_since_death":58083,"minecraft:walk_on_water_one_cm":15952,"minecraft:total_world_time":58083,"minecraft:fly_one_cm":449917,"minecraft:fall_one_cm":476},"minecraft:picked_up":{"minecraft:lead":2,"minecraft:axolotl_bucket":1},"minecraft:killed":{"minecraft:villager":1},"minecraft:dropped":{"minecraft:lead":1,"minecraft:axolotl_bucket":1,"minecraft:stone":1},"minecraft:used":{"minecraft:oak_fence":63,"minecraft:oak_leaves":34,"minecraft:rabbit_spawn_egg":3,"minecraft:black_wool":36,"minecraft:anvil":1,"minecraft:villager_spawn_egg":1,"minecraft:lead":1,"minecraft:grass_block":7,"minecraft:red_concrete":35,"minecraft:barrier":13,"minecraft:stone":17,"minecraft:white_concrete":25,"minecraft:kelp":10,"minecraft:splash_potion":2,"minecraft:gravel":26}},"DataVersion":3465}