{"stats":{"minecraft:custom":{"minecraft:time_since_rest":15521,"minecraft:sprint_one_cm":13221,"minecraft:walk_one_cm":55678,"minecraft:interact_with_anvil":1,"minecraft:mob_kills":4,"minecraft:drop":11,"minecraft:damage_dealt":547,"minecraft:fly_one_cm":688207,"minecraft:player_kills":1,"minecraft:crouch_one_cm":4658,"minecraft:play_time":82083,"minecraft:deaths":1,"minecraft:sneak_time":3142,"minecraft:walk_under_water_one_cm":10044,"minecraft:jump":173,"minecraft:leave_game":1,"minecraft:walk_on_water_one_cm":18172,"minecraft:time_since_death":15493,"minecraft:total_world_time":82083,"minecraft:fall_one_cm":476},"minecraft:picked_up":{"minecraft:wooden_axe":1,"minecraft:sculk_catalyst":5,"minecraft:oak_fence":1,"minecraft:chest_minecart":12,"minecraft:leather":4,"minecraft:torch":34,"minecraft:lead":5,"minecraft:axolotl_bucket":1,"minecraft:enchanted_book":2,"minecraft:redstone":24,"minecraft:name_tag":7,"minecraft:wooden_sword":1,"minecraft:pumpkin_seeds":6,"minecraft:rotten_flesh":4,"minecraft:diamond":6,"minecraft:activator_rail":12,"minecraft:beetroot_seeds":4,"minecraft:detector_rail":12,"minecraft:rabbit_hide":2,"minecraft:iron_ingot":18,"minecraft:beef":6,"minecraft:bread":11,"minecraft:gold_ingot":3,"minecraft:white_concrete":10,"minecraft:iron_pickaxe":1,"minecraft:glowstone_dust":3,"minecraft:rabbit":2,"minecraft:powered_rail":8,"minecraft:melon_seeds":2,"minecraft:glow_berries":17,"minecraft:red_concrete":1,"minecraft:coal":32,"minecraft:rail":97},"minecraft:killed":{"minecraft:rabbit":2,"minecraft:villager":2},"minecraft:dropped":{"minecraft:red_concrete":1,"minecraft:rabbit_spawn_egg":1,"minecraft:stone":2,"minecraft:white_concrete":1,"minecraft:lead":3,"minecraft:villager_spawn_egg":1,"minecraft:axolotl_bucket":1,"minecraft:name_tag":1},"minecraft:used":{"minecraft:cherry_boat":1,"minecraft:oak_fence":166,"minecraft:wooden_axe":5,"minecraft:black_concrete":24,"minecraft:black_wool":36,"minecraft:villager_spawn_egg":2,"minecraft:red_concrete":41,"minecraft:grass_block":7,"minecraft:lead":2,"minecraft:barrier":13,"minecraft:stone":95,"minecraft:gravel":26,"minecraft:sculk_sensor":6,"minecraft:oak_leaves":34,"minecraft:glowstone":10,"minecraft:rabbit_spawn_egg":5,"minecraft:anvil":1,"minecraft:ice":5,"minecraft:white_concrete":122,"minecraft:kelp":10,"minecraft:sculk_catalyst":23,"minecraft:splash_potion":3}},"DataVersion":3465}