{"stats":{"minecraft:crafted":{"minecraft:oak_planks":8,"minecraft:furnace":1,"minecraft:cooked_mutton":2,"minecraft:flint_and_steel":1,"minecraft:iron_boots":1,"minecraft:stone_pickaxe":1,"minecraft:stone_hoe":1,"minecraft:spruce_sign":2,"minecraft:crafting_table":2,"minecraft:spruce_planks":76,"minecraft:wooden_pickaxe":1,"minecraft:iron_helmet":1,"minecraft:iron_sword":1,"minecraft:bucket":2,"minecraft:stone_axe":1,"minecraft:bread":2,"minecraft:air":0,"minecraft:iron_chestplate":1,"minecraft:book":2,"minecraft:shield":1,"minecraft:stick":28,"minecraft:iron_ingot":89,"minecraft:iron_pickaxe":1,"minecraft:wooden_axe":1,"minecraft:iron_shovel":1,"minecraft:iron_leggings":1,"minecraft:white_bed":1,"minecraft:shears":1},"minecraft:killed":{"minecraft:spider":6,"minecraft:skeleton":9,"minecraft:chicken":4,"minecraft:pig":7,"minecraft:zombie_villager":1,"minecraft:creeper":1,"minecraft:sheep":12,"minecraft:zombie":6,"minecraft:glow_squid":1,"minecraft:cow":7},"minecraft:broken":{"minecraft:stone_pickaxe":1},"minecraft:picked_up":{"minecraft:iron_chestplate":3,"minecraft:crafting_table":5,"minecraft:wheat":11,"minecraft:chicken":4,"minecraft:wooden_pickaxe":5,"minecraft:shield":5,"minecraft:string":17,"minecraft:flint_and_steel":4,"minecraft:iron_leggings":3,"minecraft:iron_shovel":4,"minecraft:cobbled_deepslate":17,"minecraft:bucket":4,"minecraft:spruce_planks":80,"minecraft:beef":10,"minecraft:iron_pickaxe":5,"minecraft:iron_boots":4,"minecraft:furnace":3,"minecraft:raw_iron":161,"minecraft:stick":260,"minecraft:torch":15,"minecraft:porkchop":12,"minecraft:pointed_dripstone":85,"minecraft:redstone":249,"minecraft:arrow":52,"minecraft:rotten_flesh":4,"minecraft:shears":4,"minecraft:obsidian":20,"minecraft:glow_berries":15,"minecraft:mutton":11,"minecraft:cobblestone":157,"minecraft:white_wool":98,"minecraft:feather":15,"minecraft:cooked_beef":8,"minecraft:glow_ink_sac":16,"minecraft:water_bucket":4,"minecraft:andesite":1,"minecraft:leather":44,"minecraft:flint":1,"minecraft:oak_log":2,"minecraft:lapis_lazuli":417,"minecraft:dirt":82,"minecraft:name_tag":5,"minecraft:cooked_mutton":47,"minecraft:bone":56,"minecraft:apple":1,"minecraft:bow":6,"minecraft:wheat_seeds":20,"minecraft:raw_gold":24,"minecraft:iron_ingot":224,"minecraft:stone_pickaxe":1,"minecraft:stone_hoe":4,"minecraft:iron_sword":4,"minecraft:cooked_porkchop":6,"minecraft:gravel":9,"minecraft:dripstone_block":1,"minecraft:spruce_sapling":3,"minecraft:spruce_log":48,"minecraft:spider_eye":8,"minecraft:diamond":2,"minecraft:stone_axe":6,"minecraft:iron_helmet":2,"minecraft:granite":5,"minecraft:bread":15,"minecraft:oak_sapling":3,"minecraft:coal":37,"minecraft:oak_leaves":1},"minecraft:used":{"minecraft:iron_shovel":24,"minecraft:flint_and_steel":12,"minecraft:spruce_planks":44,"minecraft:shield":20,"minecraft:iron_sword":106,"minecraft:stone_hoe":97,"minecraft:torch":12,"minecraft:dirt":25,"minecraft:wooden_axe":9,"minecraft:furnace":3,"minecraft:cooked_beef":4,"minecraft:cobbled_deepslate":17,"minecraft:pointed_dripstone":3,"minecraft:wheat_seeds":20,"minecraft:cooked_mutton":4,"minecraft:water_bucket":38,"minecraft:stone_pickaxe":129,"minecraft:wooden_pickaxe":3,"minecraft:spruce_sign":1,"minecraft:oak_leaves":1,"minecraft:crafting_table":6,"minecraft:white_bed":2,"minecraft:dripstone_block":1,"minecraft:shears":1,"minecraft:apple":1,"minecraft:bread":32,"minecraft:string":1,"minecraft:iron_pickaxe":158,"minecraft:spruce_sapling":3,"minecraft:gravel":9,"minecraft:stone_axe":75,"minecraft:cobblestone":140,"minecraft:cooked_porkchop":6,"minecraft:andesite":1,"minecraft:bucket":39},"minecraft:custom":{"minecraft:mob_kills":58,"minecraft:interact_with_crafting_table":43,"minecraft:leave_game":1,"minecraft:time_since_death":43,"minecraft:sprint_one_cm":352101,"minecraft:walk_one_cm":276555,"minecraft:damage_blocked_by_shield":905,"minecraft:drop":19,"minecraft:play_time":143846,"minecraft:deaths":7,"minecraft:sneak_time":8522,"minecraft:walk_under_water_one_cm":22412,"minecraft:jump":2363,"minecraft:walk_on_water_one_cm":17631,"minecraft:total_world_time":143846,"minecraft:interact_with_furnace":42,"minecraft:sleep_in_bed":1,"minecraft:time_since_rest":72,"minecraft:damage_taken":4374,"minecraft:damage_dealt":7447,"minecraft:player_kills":2,"minecraft:fly_one_cm":473975,"minecraft:swim_one_cm":19103,"minecraft:open_chest":18,"minecraft:crouch_one_cm":23198,"minecraft:fall_one_cm":89561},"minecraft:mined":{"minecraft:diamond_ore":1,"minecraft:spruce_planks":1,"minecraft:sculk_vein":5,"minecraft:grass_block":18,"minecraft:spruce_leaves":3,"minecraft:large_fern":2,"minecraft:redstone_ore":3,"minecraft:furnace":2,"minecraft:iron_ore":53,"minecraft:fire":15,"minecraft:andesite":1,"minecraft:deepslate_lapis_ore":4,"minecraft:pointed_dripstone":14,"minecraft:deepslate_iron_ore":36,"minecraft:stone":109,"minecraft:deepslate_redstone_ore":7,"minecraft:powder_snow":2,"minecraft:crafting_table":4,"minecraft:torch":1,"minecraft:cobblestone":11,"minecraft:deepslate_gold_ore":4,"minecraft:lapis_ore":6,"minecraft:sculk":4,"minecraft:wall_torch":4,"minecraft:wheat":7,"minecraft:spruce_log":25,"minecraft:birch_leaves":2,"minecraft:grass":106,"minecraft:oak_log":2,"minecraft:coal_ore":10,"minecraft:dirt":8,"minecraft:gravel":12,"minecraft:dripstone_block":1,"minecraft:fern":6,"minecraft:oak_leaves":14,"minecraft:deepslate":17},"minecraft:dropped":{"minecraft:spruce_sign":2,"minecraft:cobblestone":1,"minecraft:granite":5,"minecraft:dirt":57,"minecraft:wooden_axe":1,"minecraft:string":1,"minecraft:stone_axe":1,"minecraft:rotten_flesh":3,"minecraft:oak_sapling":3,"minecraft:spider_eye":2,"minecraft:wooden_pickaxe":6},"minecraft:killed_by":{"minecraft:warden":5}},"DataVersion":3465}