{"stats":{"minecraft:crafted":{"minecraft:oak_planks":8,"minecraft:furnace":1,"minecraft:cooked_mutton":2,"minecraft:flint_and_steel":1,"minecraft:iron_boots":1,"minecraft:stone_pickaxe":1,"minecraft:stone_hoe":1,"minecraft:spruce_sign":2,"minecraft:crafting_table":2,"minecraft:spruce_planks":76,"minecraft:wooden_pickaxe":1,"minecraft:iron_helmet":1,"minecraft:iron_sword":1,"minecraft:bucket":2,"minecraft:stone_axe":1,"minecraft:bread":2,"minecraft:air":0,"minecraft:iron_chestplate":1,"minecraft:book":2,"minecraft:shield":1,"minecraft:stick":28,"minecraft:iron_ingot":89,"minecraft:iron_pickaxe":1,"minecraft:wooden_axe":1,"minecraft:iron_shovel":1,"minecraft:iron_leggings":1,"minecraft:white_bed":1,"minecraft:shears":1},"minecraft:killed":{"minecraft:spider":6,"minecraft:skeleton":9,"minecraft:chicken":4,"minecraft:warden":1,"minecraft:pig":7,"minecraft:zombie_villager":1,"minecraft:creeper":1,"minecraft:sheep":12,"minecraft:zombie":6,"minecraft:glow_squid":1,"minecraft:cow":7},"minecraft:broken":{"minecraft:stone_pickaxe":1},"minecraft:picked_up":{"minecraft:iron_chestplate":9,"minecraft:crafting_table":5,"minecraft:wheat":17,"minecraft:chicken":4,"minecraft:wooden_pickaxe":5,"minecraft:shield":12,"minecraft:string":38,"minecraft:flint_and_steel":11,"minecraft:iron_leggings":7,"minecraft:iron_shovel":11,"minecraft:cobbled_deepslate":30,"minecraft:bucket":11,"minecraft:spruce_planks":151,"minecraft:beef":10,"minecraft:iron_pickaxe":12,"minecraft:iron_boots":10,"minecraft:furnace":3,"minecraft:raw_iron":161,"minecraft:stick":638,"minecraft:torch":21,"minecraft:porkchop":12,"minecraft:pointed_dripstone":274,"minecraft:redstone":578,"minecraft:arrow":117,"minecraft:rotten_flesh":4,"minecraft:shears":8,"minecraft:obsidian":48,"minecraft:glow_berries":33,"minecraft:mutton":11,"minecraft:cobblestone":157,"minecraft:white_wool":231,"minecraft:feather":36,"minecraft:cooked_beef":15,"minecraft:glow_ink_sac":44,"minecraft:water_bucket":11,"minecraft:andesite":1,"minecraft:leather":107,"minecraft:flint":1,"minecraft:oak_log":2,"minecraft:lapis_lazuli":912,"minecraft:dirt":82,"minecraft:name_tag":12,"minecraft:cooked_mutton":106,"minecraft:bone":98,"minecraft:apple":1,"minecraft:bow":13,"minecraft:wheat_seeds":20,"minecraft:raw_gold":52,"minecraft:iron_ingot":588,"minecraft:stone_pickaxe":1,"minecraft:stone_hoe":11,"minecraft:iron_sword":11,"minecraft:cooked_porkchop":6,"minecraft:gravel":9,"minecraft:dripstone_block":1,"minecraft:spruce_sapling":3,"minecraft:spruce_log":83,"minecraft:spider_eye":15,"minecraft:diamond":2,"minecraft:stone_axe":13,"minecraft:iron_helmet":8,"minecraft:granite":5,"minecraft:bread":15,"minecraft:oak_sapling":3,"minecraft:coal":41,"minecraft:oak_leaves":1},"minecraft:used":{"minecraft:iron_shovel":24,"minecraft:flint_and_steel":12,"minecraft:spruce_planks":66,"minecraft:shield":20,"minecraft:iron_sword":112,"minecraft:stone_hoe":97,"minecraft:torch":13,"minecraft:dirt":25,"minecraft:wooden_axe":9,"minecraft:furnace":3,"minecraft:cooked_beef":4,"minecraft:cobbled_deepslate":17,"minecraft:pointed_dripstone":95,"minecraft:wheat_seeds":20,"minecraft:cooked_mutton":8,"minecraft:water_bucket":38,"minecraft:stone_pickaxe":129,"minecraft:wooden_pickaxe":3,"minecraft:spruce_sign":1,"minecraft:oak_leaves":1,"minecraft:crafting_table":6,"minecraft:white_bed":3,"minecraft:dripstone_block":1,"minecraft:shears":1,"minecraft:apple":1,"minecraft:bread":32,"minecraft:string":1,"minecraft:iron_pickaxe":177,"minecraft:deepslate":40,"minecraft:spruce_sapling":3,"minecraft:gravel":9,"minecraft:stone_axe":75,"minecraft:cobblestone":140,"minecraft:cooked_porkchop":6,"minecraft:andesite":1,"minecraft:bucket":39},"minecraft:custom":{"minecraft:mob_kills":59,"minecraft:interact_with_crafting_table":43,"minecraft:leave_game":1,"minecraft:time_since_death":1939,"minecraft:sprint_one_cm":352101,"minecraft:walk_one_cm":287868,"minecraft:damage_blocked_by_shield":905,"minecraft:drop":28,"minecraft:play_time":155846,"minecraft:deaths":14,"minecraft:sneak_time":13855,"minecraft:walk_under_water_one_cm":22412,"minecraft:jump":2434,"minecraft:walk_on_water_one_cm":17631,"minecraft:total_world_time":155846,"minecraft:interact_with_furnace":42,"minecraft:sleep_in_bed":1,"minecraft:time_since_rest":1966,"minecraft:damage_taken":7079,"minecraft:damage_dealt":9607,"minecraft:player_kills":2,"minecraft:fly_one_cm":479352,"minecraft:swim_one_cm":19103,"minecraft:open_chest":18,"minecraft:crouch_one_cm":37603,"minecraft:fall_one_cm":92445},"minecraft:mined":{"minecraft:diamond_ore":1,"minecraft:spruce_planks":2,"minecraft:sculk_vein":5,"minecraft:grass_block":18,"minecraft:spruce_leaves":3,"minecraft:large_fern":2,"minecraft:redstone_ore":3,"minecraft:furnace":2,"minecraft:iron_ore":53,"minecraft:fire":15,"minecraft:andesite":1,"minecraft:deepslate_lapis_ore":4,"minecraft:pointed_dripstone":25,"minecraft:deepslate_iron_ore":36,"minecraft:stone":109,"minecraft:deepslate_redstone_ore":7,"minecraft:powder_snow":2,"minecraft:crafting_table":4,"minecraft:torch":1,"minecraft:cobblestone":11,"minecraft:deepslate_gold_ore":4,"minecraft:lapis_ore":6,"minecraft:sculk":4,"minecraft:wall_torch":4,"minecraft:wheat":7,"minecraft:spruce_log":25,"minecraft:birch_leaves":2,"minecraft:grass":106,"minecraft:oak_log":2,"minecraft:coal_ore":10,"minecraft:dirt":8,"minecraft:gravel":12,"minecraft:dripstone_block":1,"minecraft:fern":6,"minecraft:oak_leaves":14,"minecraft:deepslate":24},"minecraft:dropped":{"minecraft:stone_hoe":1,"minecraft:spruce_sign":2,"minecraft:lapis_lazuli":1,"minecraft:cobblestone":1,"minecraft:granite":5,"minecraft:dirt":57,"minecraft:wooden_axe":1,"minecraft:string":1,"minecraft:stone_axe":1,"minecraft:deepslate":1,"minecraft:pointed_dripstone":6,"minecraft:rotten_flesh":3,"minecraft:oak_sapling":3,"minecraft:spider_eye":2,"minecraft:wooden_pickaxe":6},"minecraft:killed_by":{"minecraft:warden":12}},"DataVersion":3465}