{"stats":{"minecraft:dropped":{"minecraft:cobblestone":1,"minecraft:rotten_flesh":1,"minecraft:wooden_axe":1,"minecraft:oak_sapling":3,"minecraft:wooden_pickaxe":6},"minecraft:used":{"minecraft:water_bucket":17,"minecraft:iron_shovel":16,"minecraft:stone_pickaxe":129,"minecraft:wooden_pickaxe":3,"minecraft:spruce_planks":18,"minecraft:shield":11,"minecraft:stone_hoe":82,"minecraft:torch":6,"minecraft:dirt":6,"minecraft:crafting_table":6,"minecraft:dripstone_block":1,"minecraft:wooden_axe":9,"minecraft:bread":21,"minecraft:iron_pickaxe":96,"minecraft:spruce_sapling":2,"minecraft:stone_axe":36,"minecraft:cobblestone":44,"minecraft:furnace":2,"minecraft:bucket":18,"minecraft:andesite":1,"minecraft:cobbled_deepslate":17,"minecraft:pointed_dripstone":1},"minecraft:custom":{"minecraft:interact_with_furnace":13,"minecraft:mob_kills":10,"minecraft:interact_with_crafting_table":25,"minecraft:time_since_death":22763,"minecraft:time_since_rest":22812,"minecraft:sprint_one_cm":121523,"minecraft:damage_taken":1737,"minecraft:walk_one_cm":110511,"minecraft:damage_blocked_by_shield":460,"minecraft:drop":10,"minecraft:damage_dealt":1923,"minecraft:swim_one_cm":2780,"minecraft:fly_one_cm":202601,"minecraft:open_chest":2,"minecraft:crouch_one_cm":11982,"minecraft:play_time":54000,"minecraft:deaths":2,"minecraft:sneak_time":4172,"minecraft:walk_under_water_one_cm":15729,"minecraft:jump":924,"minecraft:walk_on_water_one_cm":5814,"minecraft:total_world_time":54000,"minecraft:fall_one_cm":41766},"minecraft:crafted":{"minecraft:oak_planks":8,"minecraft:crafting_table":2,"minecraft:spruce_planks":44,"minecraft:wooden_pickaxe":1,"minecraft:furnace":1,"minecraft:bucket":2,"minecraft:stone_axe":1,"minecraft:air":0,"minecraft:shield":1,"minecraft:stick":28,"minecraft:iron_ingot":17,"minecraft:iron_pickaxe":1,"minecraft:stone_pickaxe":1,"minecraft:wooden_axe":1,"minecraft:iron_shovel":1,"minecraft:stone_hoe":1},"minecraft:killed":{"minecraft:spider":1,"minecraft:skeleton":6,"minecraft:zombie":3},"minecraft:picked_up":{"minecraft:crafting_table":5,"minecraft:cooked_beef":1,"minecraft:glow_ink_sac":2,"minecraft:andesite":1,"minecraft:wooden_pickaxe":5,"minecraft:oak_log":2,"minecraft:shield":1,"minecraft:lapis_lazuli":124,"minecraft:dirt":23,"minecraft:name_tag":1,"minecraft:bone":12,"minecraft:apple":1,"minecraft:bow":2,"minecraft:cobbled_deepslate":17,"minecraft:raw_gold":8,"minecraft:iron_ingot":16,"minecraft:stone_pickaxe":1,"minecraft:iron_pickaxe":1,"minecraft:furnace":3,"minecraft:stick":2,"minecraft:raw_iron":161,"minecraft:cooked_porkchop":6,"minecraft:torch":12,"minecraft:dripstone_block":1,"minecraft:pointed_dripstone":5,"minecraft:spruce_sapling":2,"minecraft:spruce_log":25,"minecraft:redstone":61,"minecraft:spider_eye":2,"minecraft:arrow":14,"minecraft:rotten_flesh":2,"minecraft:diamond":2,"minecraft:stone_axe":1,"minecraft:bread":15,"minecraft:oak_sapling":3,"minecraft:glow_berries":3,"minecraft:coal":31,"minecraft:cobblestone":72},"minecraft:broken":{"minecraft:stone_pickaxe":1},"minecraft:mined":{"minecraft:deepslate_redstone_ore":7,"minecraft:diamond_ore":1,"minecraft:sculk_vein":2,"minecraft:powder_snow":2,"minecraft:crafting_table":4,"minecraft:torch":1,"minecraft:grass_block":16,"minecraft:cobblestone":3,"minecraft:deepslate_gold_ore":4,"minecraft:spruce_leaves":3,"minecraft:lapis_ore":6,"minecraft:wall_torch":4,"minecraft:large_fern":2,"minecraft:redstone_ore":3,"minecraft:furnace":2,"minecraft:iron_ore":53,"minecraft:spruce_log":21,"minecraft:andesite":1,"minecraft:deepslate_lapis_ore":3,"minecraft:grass":1,"minecraft:oak_log":2,"minecraft:pointed_dripstone":3,"minecraft:coal_ore":10,"minecraft:deepslate_iron_ore":36,"minecraft:dripstone_block":1,"minecraft:dirt":7,"minecraft:stone":71,"minecraft:deepslate":17,"minecraft:fern":1}},"DataVersion":3465}