{"stats":{"minecraft:custom":{"minecraft:time_since_rest":3521,"minecraft:sprint_one_cm":9862,"minecraft:walk_one_cm":43679,"minecraft:interact_with_anvil":1,"minecraft:mob_kills":4,"minecraft:drop":11,"minecraft:damage_dealt":527,"minecraft:fly_one_cm":616530,"minecraft:player_kills":1,"minecraft:crouch_one_cm":3756,"minecraft:play_time":70083,"minecraft:deaths":1,"minecraft:sneak_time":2555,"minecraft:walk_under_water_one_cm":10044,"minecraft:jump":142,"minecraft:leave_game":1,"minecraft:walk_on_water_one_cm":18172,"minecraft:time_since_death":3493,"minecraft:total_world_time":70083,"minecraft:fall_one_cm":476},"minecraft:picked_up":{"minecraft:sculk_catalyst":2,"minecraft:lead":5,"minecraft:axolotl_bucket":1,"minecraft:rabbit_hide":2,"minecraft:rabbit":2},"minecraft:killed":{"minecraft:rabbit":2,"minecraft:villager":2},"minecraft:dropped":{"minecraft:red_concrete":1,"minecraft:rabbit_spawn_egg":1,"minecraft:stone":2,"minecraft:white_concrete":1,"minecraft:lead":3,"minecraft:villager_spawn_egg":1,"minecraft:axolotl_bucket":1,"minecraft:name_tag":1},"minecraft:used":{"minecraft:oak_fence":63,"minecraft:wooden_axe":5,"minecraft:black_wool":36,"minecraft:villager_spawn_egg":2,"minecraft:red_concrete":36,"minecraft:grass_block":7,"minecraft:lead":2,"minecraft:barrier":13,"minecraft:stone":90,"minecraft:gravel":26,"minecraft:sculk_sensor":6,"minecraft:oak_leaves":34,"minecraft:rabbit_spawn_egg":5,"minecraft:anvil":1,"minecraft:white_concrete":26,"minecraft:kelp":10,"minecraft:sculk_catalyst":23,"minecraft:splash_potion":3}},"DataVersion":3465}