{"stats":{"minecraft:custom":{"minecraft:jump":17,"minecraft:time_since_rest":16083,"minecraft:damage_dealt":10,"minecraft:crouch_one_cm":140,"minecraft:play_time":16083,"minecraft:leave_game":1,"minecraft:sprint_one_cm":1303,"minecraft:walk_on_water_one_cm":132,"minecraft:time_since_death":16083,"minecraft:walk_one_cm":2175,"minecraft:sneak_time":306,"minecraft:total_world_time":16083,"minecraft:walk_under_water_one_cm":2476,"minecraft:fall_one_cm":476,"minecraft:fly_one_cm":148221},"minecraft:used":{"minecraft:oak_leaves":34,"minecraft:gravel":26,"minecraft:grass_block":7}},"DataVersion":3465}