{"stats":{"minecraft:custom":{"minecraft:mob_kills":6,"minecraft:interact_with_anvil":1,"minecraft:leave_game":1,"minecraft:time_since_death":45048,"minecraft:time_since_rest":45078,"minecraft:sprint_one_cm":18045,"minecraft:walk_one_cm":90606,"minecraft:damage_taken":450,"minecraft:drop":16,"minecraft:damage_dealt":732,"minecraft:fly_one_cm":910046,"minecraft:player_kills":2,"minecraft:pig_one_cm":3824,"minecraft:crouch_one_cm":6145,"minecraft:play_time":142083,"minecraft:deaths":2,"minecraft:sneak_time":4431,"minecraft:walk_under_water_one_cm":10044,"minecraft:boat_one_cm":24525,"minecraft:jump":263,"minecraft:walk_on_water_one_cm":18172,"minecraft:total_world_time":142083,"minecraft:inspect_dispenser":6,"minecraft:fall_one_cm":4862},"minecraft:killed_by":{"minecraft:player":1},"minecraft:picked_up":{"minecraft:wooden_axe":1,"minecraft:lingering_potion":15,"minecraft:tripwire_hook":1,"minecraft:chest_minecart":12,"minecraft:leather":4,"minecraft:lead":5,"minecraft:carrot_on_a_stick":1,"minecraft:enchanted_book":2,"minecraft:wooden_sword":1,"minecraft:name_tag":7,"minecraft:activator_rail":12,"minecraft:detector_rail":12,"minecraft:rabbit_hide":2,"minecraft:beef":6,"minecraft:iron_ingot":18,"minecraft:iron_pickaxe":1,"minecraft:rabbit":2,"minecraft:glowstone_dust":3,"minecraft:powered_rail":8,"minecraft:sculk_catalyst":5,"minecraft:tipped_arrow":65,"minecraft:stick":2,"minecraft:oak_fence":1,"minecraft:torch":34,"minecraft:axolotl_bucket":1,"minecraft:porkchop":3,"minecraft:redstone":24,"minecraft:pumpkin_seeds":6,"minecraft:arrow":576,"minecraft:rotten_flesh":4,"minecraft:diamond":6,"minecraft:beetroot_seeds":4,"minecraft:honey_block":1,"minecraft:saddle":2,"minecraft:white_concrete":10,"minecraft:gold_ingot":3,"minecraft:bread":11,"minecraft:red_concrete":2,"minecraft:melon_seeds":2,"minecraft:glow_berries":17,"minecraft:coal":32,"minecraft:rail":97},"minecraft:killed":{"minecraft:pig":2,"minecraft:rabbit":2,"minecraft:villager":2},"minecraft:dropped":{"minecraft:red_concrete":1,"minecraft:porkchop":2,"minecraft:lead":3,"minecraft:villager_spawn_egg":1,"minecraft:name_tag":1,"minecraft:saddle":2,"minecraft:carrot_on_a_stick":1,"minecraft:stick":1,"minecraft:rabbit_spawn_egg":1,"minecraft:stone":2,"minecraft:white_concrete":1,"minecraft:axolotl_bucket":1},"minecraft:used":{"minecraft:cherry_boat":6,"minecraft:oak_fence":203,"minecraft:red_concrete":74,"minecraft:lead":2,"minecraft:dispenser":7,"minecraft:stone":95,"minecraft:sculk_sensor":6,"minecraft:oak_leaves":34,"minecraft:white_wool":33,"minecraft:soul_sand":4,"minecraft:rabbit_spawn_egg":5,"minecraft:anvil":1,"minecraft:wooden_axe":5,"minecraft:packed_ice":4,"minecraft:honey_block":17,"minecraft:black_wool":36,"minecraft:black_concrete":50,"minecraft:villager_spawn_egg":2,"minecraft:grass_block":7,"minecraft:string":12,"minecraft:barrier":13,"minecraft:pig_spawn_egg":1,"minecraft:gravel":26,"minecraft:tripwire_hook":3,"minecraft:glowstone":10,"minecraft:crimson_pressure_plate":15,"minecraft:ice":6,"minecraft:white_concrete":156,"minecraft:kelp":10,"minecraft:sculk_catalyst":23,"minecraft:splash_potion":3,"minecraft:cobweb":113}},"DataVersion":3465}