{"stats":{"minecraft:custom":{"minecraft:interact_with_anvil":1,"minecraft:mob_kills":6,"minecraft:leave_game":3,"minecraft:time_since_death":116098,"minecraft:time_since_rest":116128,"minecraft:sprint_one_cm":29075,"minecraft:damage_taken":460,"minecraft:walk_one_cm":174524,"minecraft:drop":34,"minecraft:damage_dealt":894,"minecraft:fly_one_cm":1457244,"minecraft:player_kills":3,"minecraft:pig_one_cm":3824,"minecraft:crouch_one_cm":11115,"minecraft:play_time":213133,"minecraft:deaths":2,"minecraft:sneak_time":7617,"minecraft:walk_under_water_one_cm":19984,"minecraft:boat_one_cm":24525,"minecraft:aviate_one_cm":569499,"minecraft:jump":436,"minecraft:walk_on_water_one_cm":18282,"minecraft:total_world_time":213133,"minecraft:fall_one_cm":5197,"minecraft:inspect_dispenser":6},"minecraft:killed_by":{"minecraft:player":1},"minecraft:picked_up":{"minecraft:wooden_axe":1,"minecraft:lingering_potion":15,"minecraft:tripwire_hook":1,"minecraft:chest_minecart":12,"minecraft:leather":4,"minecraft:lead":8,"minecraft:carrot_on_a_stick":2,"minecraft:filled_map":7,"minecraft:enchanted_book":2,"minecraft:string":3,"minecraft:elytra":1,"minecraft:name_tag":7,"minecraft:wooden_sword":1,"minecraft:item_frame":16,"minecraft:activator_rail":12,"minecraft:detector_rail":12,"minecraft:rabbit_hide":2,"minecraft:iron_ingot":18,"minecraft:beef":6,"minecraft:ender_eye":10,"minecraft:iron_pickaxe":1,"minecraft:rabbit":2,"minecraft:glowstone_dust":3,"minecraft:powered_rail":8,"minecraft:sculk_catalyst":5,"minecraft:tipped_arrow":65,"minecraft:stick":2,"minecraft:black_candle":4,"minecraft:oak_fence":1,"minecraft:torch":34,"minecraft:axolotl_bucket":1,"minecraft:porkchop":3,"minecraft:redstone":24,"minecraft:firework_rocket":140,"minecraft:pumpkin_seeds":6,"minecraft:arrow":576,"minecraft:rotten_flesh":4,"minecraft:diamond":6,"minecraft:beetroot_seeds":4,"minecraft:honey_block":1,"minecraft:bread":11,"minecraft:white_concrete":10,"minecraft:saddle":3,"minecraft:gold_ingot":3,"minecraft:red_concrete":2,"minecraft:melon_seeds":2,"minecraft:glow_berries":17,"minecraft:rail":97,"minecraft:coal":32},"minecraft:killed":{"minecraft:pig":2,"minecraft:rabbit":2,"minecraft:villager":2},"minecraft:dropped":{"minecraft:red_concrete":1,"minecraft:porkchop":2,"minecraft:lead":3,"minecraft:villager_spawn_egg":1,"minecraft:enchanted_golden_apple":1,"minecraft:ender_eye":10,"minecraft:name_tag":1,"minecraft:saddle":2,"minecraft:elytra":1,"minecraft:carrot_on_a_stick":1,"minecraft:stick":1,"minecraft:filled_map":4,"minecraft:rabbit_spawn_egg":1,"minecraft:stone":2,"minecraft:white_concrete":1,"minecraft:map":1,"minecraft:axolotl_bucket":1,"minecraft:sand":1},"minecraft:used":{"minecraft:cherry_boat":6,"minecraft:oak_fence":204,"minecraft:end_rod":2,"minecraft:iron_bars":2,"minecraft:red_concrete":74,"minecraft:lead":2,"minecraft:dispenser":7,"minecraft:oak_sign":30,"minecraft:stone":95,"minecraft:sniffer_egg":3,"minecraft:sculk_sensor":6,"minecraft:oak_leaves":34,"minecraft:white_wool":33,"minecraft:glow_item_frame":9,"minecraft:rabbit_spawn_egg":5,"minecraft:soul_sand":4,"minecraft:sand":9,"minecraft:anvil":1,"minecraft:oak_slab":5,"minecraft:sticky_piston":4,"minecraft:honey_block":17,"minecraft:mud":2,"minecraft:wooden_axe":5,"minecraft:lever":3,"minecraft:packed_ice":4,"minecraft:black_wool":36,"minecraft:black_concrete":50,"minecraft:firework_rocket":581,"minecraft:villager_spawn_egg":2,"minecraft:muddy_mangrove_roots":1,"minecraft:grass_block":7,"minecraft:map":3,"minecraft:string":12,"minecraft:barrier":63,"minecraft:pig_spawn_egg":1,"minecraft:gravel":87,"minecraft:item_frame":346,"minecraft:tripwire_hook":3,"minecraft:glowstone":10,"minecraft:black_candle":8,"minecraft:ice":6,"minecraft:crimson_pressure_plate":15,"minecraft:white_concrete":358,"minecraft:kelp":10,"minecraft:sculk_catalyst":23,"minecraft:splash_potion":3,"minecraft:cobweb":121}},"DataVersion":3465}