{"stats":{"minecraft:dropped":{"minecraft:spruce_sign":2,"minecraft:stone_axe":1,"minecraft:cobblestone":1,"minecraft:rotten_flesh":1,"minecraft:granite":5,"minecraft:dirt":57,"minecraft:wooden_axe":1,"minecraft:oak_sapling":3,"minecraft:spider_eye":1,"minecraft:wooden_pickaxe":6,"minecraft:string":1},"minecraft:used":{"minecraft:wheat_seeds":8,"minecraft:water_bucket":17,"minecraft:iron_shovel":16,"minecraft:stone_pickaxe":129,"minecraft:wooden_pickaxe":3,"minecraft:spruce_planks":18,"minecraft:shield":12,"minecraft:iron_sword":1,"minecraft:spruce_sign":1,"minecraft:stone_hoe":97,"minecraft:torch":6,"minecraft:dirt":6,"minecraft:crafting_table":6,"minecraft:dripstone_block":1,"minecraft:wooden_axe":9,"minecraft:bread":30,"minecraft:string":1,"minecraft:iron_pickaxe":98,"minecraft:spruce_sapling":2,"minecraft:stone_axe":75,"minecraft:cobblestone":44,"minecraft:furnace":3,"minecraft:cooked_porkchop":1,"minecraft:bucket":18,"minecraft:andesite":1,"minecraft:cooked_beef":1,"minecraft:cobbled_deepslate":17,"minecraft:pointed_dripstone":3},"minecraft:custom":{"minecraft:interact_with_furnace":28,"minecraft:mob_kills":16,"minecraft:interact_with_crafting_table":33,"minecraft:time_since_death":58763,"minecraft:time_since_rest":58812,"minecraft:sprint_one_cm":191346,"minecraft:damage_taken":2211,"minecraft:walk_one_cm":160188,"minecraft:damage_blocked_by_shield":470,"minecraft:drop":16,"minecraft:damage_dealt":3167,"minecraft:player_kills":2,"minecraft:swim_one_cm":2780,"minecraft:fly_one_cm":266357,"minecraft:open_chest":12,"minecraft:crouch_one_cm":13166,"minecraft:play_time":90000,"minecraft:deaths":2,"minecraft:sneak_time":4394,"minecraft:walk_under_water_one_cm":15729,"minecraft:jump":1251,"minecraft:walk_on_water_one_cm":6251,"minecraft:total_world_time":90000,"minecraft:fall_one_cm":50893},"minecraft:crafted":{"minecraft:oak_planks":8,"minecraft:spruce_sign":2,"minecraft:crafting_table":2,"minecraft:spruce_planks":56,"minecraft:iron_helmet":1,"minecraft:wooden_pickaxe":1,"minecraft:iron_sword":1,"minecraft:furnace":1,"minecraft:bucket":2,"minecraft:stone_axe":1,"minecraft:air":0,"minecraft:iron_boots":1,"minecraft:iron_chestplate":1,"minecraft:shield":1,"minecraft:stick":28,"minecraft:iron_ingot":62,"minecraft:iron_pickaxe":1,"minecraft:stone_pickaxe":1,"minecraft:wooden_axe":1,"minecraft:iron_leggings":1,"minecraft:iron_shovel":1,"minecraft:stone_hoe":1},"minecraft:killed":{"minecraft:spider":4,"minecraft:creeper":1,"minecraft:skeleton":6,"minecraft:zombie":5},"minecraft:picked_up":{"minecraft:crafting_table":5,"minecraft:cooked_beef":1,"minecraft:glow_ink_sac":2,"minecraft:andesite":1,"minecraft:wooden_pickaxe":5,"minecraft:oak_log":2,"minecraft:shield":1,"minecraft:lapis_lazuli":124,"minecraft:string":2,"minecraft:dirt":63,"minecraft:name_tag":1,"minecraft:bone":12,"minecraft:apple":1,"minecraft:bow":2,"minecraft:wheat_seeds":8,"minecraft:cobbled_deepslate":17,"minecraft:raw_gold":8,"minecraft:spruce_planks":12,"minecraft:iron_ingot":16,"minecraft:stone_pickaxe":1,"minecraft:iron_pickaxe":1,"minecraft:furnace":3,"minecraft:stick":6,"minecraft:raw_iron":161,"minecraft:cooked_porkchop":6,"minecraft:torch":12,"minecraft:dripstone_block":1,"minecraft:pointed_dripstone":5,"minecraft:spruce_sapling":2,"minecraft:spruce_log":28,"minecraft:redstone":61,"minecraft:spider_eye":2,"minecraft:arrow":14,"minecraft:rotten_flesh":2,"minecraft:diamond":2,"minecraft:stone_axe":2,"minecraft:granite":5,"minecraft:bread":15,"minecraft:oak_sapling":3,"minecraft:glow_berries":3,"minecraft:white_wool":2,"minecraft:coal":31,"minecraft:cobblestone":108},"minecraft:broken":{"minecraft:stone_pickaxe":1},"minecraft:mined":{"minecraft:deepslate_redstone_ore":7,"minecraft:diamond_ore":1,"minecraft:sculk_vein":2,"minecraft:powder_snow":2,"minecraft:crafting_table":4,"minecraft:torch":1,"minecraft:grass_block":16,"minecraft:cobblestone":3,"minecraft:deepslate_gold_ore":4,"minecraft:spruce_leaves":3,"minecraft:lapis_ore":6,"minecraft:wall_torch":4,"minecraft:large_fern":2,"minecraft:redstone_ore":3,"minecraft:furnace":2,"minecraft:iron_ore":53,"minecraft:fire":2,"minecraft:spruce_log":25,"minecraft:andesite":1,"minecraft:deepslate_lapis_ore":3,"minecraft:grass":102,"minecraft:oak_log":2,"minecraft:pointed_dripstone":3,"minecraft:coal_ore":10,"minecraft:deepslate_iron_ore":36,"minecraft:dripstone_block":1,"minecraft:dirt":7,"minecraft:stone":73,"minecraft:oak_leaves":8,"minecraft:deepslate":17,"minecraft:fern":6}},"DataVersion":3465}