{"stats":{"minecraft:dropped":{"minecraft:cobblestone":1,"minecraft:rotten_flesh":1,"minecraft:wooden_axe":1,"minecraft:wooden_pickaxe":6},"minecraft:used":{"minecraft:stone_pickaxe":123,"minecraft:wooden_pickaxe":3,"minecraft:spruce_planks":18,"minecraft:shield":11,"minecraft:torch":4,"minecraft:dirt":3,"minecraft:crafting_table":4,"minecraft:dripstone_block":1,"minecraft:wooden_axe":9,"minecraft:bread":20,"minecraft:iron_pickaxe":92,"minecraft:spruce_sapling":2,"minecraft:stone_axe":23,"minecraft:cobblestone":32,"minecraft:furnace":2,"minecraft:andesite":1,"minecraft:cobbled_deepslate":17,"minecraft:pointed_dripstone":1},"minecraft:custom":{"minecraft:interact_with_furnace":13,"minecraft:mob_kills":10,"minecraft:interact_with_crafting_table":18,"minecraft:time_since_death":10763,"minecraft:time_since_rest":10812,"minecraft:sprint_one_cm":102338,"minecraft:damage_taken":1707,"minecraft:walk_one_cm":88399,"minecraft:damage_blocked_by_shield":460,"minecraft:drop":9,"minecraft:damage_dealt":1771,"minecraft:swim_one_cm":1561,"minecraft:fly_one_cm":188633,"minecraft:open_chest":2,"minecraft:crouch_one_cm":11865,"minecraft:play_time":42000,"minecraft:deaths":2,"minecraft:sneak_time":4104,"minecraft:walk_under_water_one_cm":9579,"minecraft:jump":834,"minecraft:walk_on_water_one_cm":3786,"minecraft:total_world_time":42000,"minecraft:fall_one_cm":39430},"minecraft:crafted":{"minecraft:crafting_table":2,"minecraft:spruce_planks":44,"minecraft:wooden_pickaxe":1,"minecraft:furnace":1,"minecraft:bucket":1,"minecraft:stone_axe":1,"minecraft:air":0,"minecraft:shield":1,"minecraft:stick":12,"minecraft:iron_ingot":17,"minecraft:iron_pickaxe":1,"minecraft:stone_pickaxe":1,"minecraft:wooden_axe":1},"minecraft:killed":{"minecraft:spider":1,"minecraft:skeleton":6,"minecraft:zombie":3},"minecraft:picked_up":{"minecraft:crafting_table":4,"minecraft:glow_ink_sac":2,"minecraft:andesite":1,"minecraft:wooden_pickaxe":5,"minecraft:shield":1,"minecraft:lapis_lazuli":124,"minecraft:dirt":3,"minecraft:name_tag":1,"minecraft:bone":12,"minecraft:bow":2,"minecraft:cobbled_deepslate":17,"minecraft:raw_gold":8,"minecraft:iron_ingot":16,"minecraft:stone_pickaxe":1,"minecraft:iron_pickaxe":1,"minecraft:furnace":3,"minecraft:stick":2,"minecraft:raw_iron":161,"minecraft:torch":10,"minecraft:dripstone_block":1,"minecraft:pointed_dripstone":5,"minecraft:spruce_sapling":2,"minecraft:spruce_log":19,"minecraft:redstone":61,"minecraft:spider_eye":2,"minecraft:arrow":14,"minecraft:rotten_flesh":2,"minecraft:diamond":2,"minecraft:stone_axe":1,"minecraft:bread":15,"minecraft:glow_berries":3,"minecraft:coal":31,"minecraft:cobblestone":62},"minecraft:mined":{"minecraft:deepslate_redstone_ore":7,"minecraft:diamond_ore":1,"minecraft:sculk_vein":2,"minecraft:powder_snow":2,"minecraft:crafting_table":3,"minecraft:deepslate_gold_ore":4,"minecraft:spruce_leaves":1,"minecraft:lapis_ore":6,"minecraft:wall_torch":4,"minecraft:redstone_ore":3,"minecraft:furnace":2,"minecraft:iron_ore":53,"minecraft:spruce_log":15,"minecraft:andesite":1,"minecraft:deepslate_lapis_ore":3,"minecraft:pointed_dripstone":3,"minecraft:coal_ore":10,"minecraft:deepslate_iron_ore":36,"minecraft:dripstone_block":1,"minecraft:dirt":3,"minecraft:stone":64,"minecraft:deepslate":17}},"DataVersion":3465}