{"stats":{"minecraft:dropped":{"minecraft:wooden_axe":1,"minecraft:cobblestone":1,"minecraft:wooden_pickaxe":6},"minecraft:used":{"minecraft:wooden_axe":9,"minecraft:bread":6,"minecraft:stone_pickaxe":85,"minecraft:iron_pickaxe":16,"minecraft:shield":4,"minecraft:wooden_pickaxe":3,"minecraft:spruce_sapling":2,"minecraft:stone_axe":10,"minecraft:cobblestone":28,"minecraft:crafting_table":4,"minecraft:furnace":2,"minecraft:dripstone_block":1,"minecraft:cobbled_deepslate":4},"minecraft:custom":{"minecraft:time_since_rest":18000,"minecraft:interact_with_furnace":12,"minecraft:sprint_one_cm":26125,"minecraft:damage_taken":305,"minecraft:walk_one_cm":41699,"minecraft:damage_blocked_by_shield":120,"minecraft:mob_kills":4,"minecraft:drop":8,"minecraft:damage_dealt":671,"minecraft:interact_with_crafting_table":17,"minecraft:fly_one_cm":25658,"minecraft:crouch_one_cm":8595,"minecraft:play_time":18000,"minecraft:sneak_time":2487,"minecraft:walk_under_water_one_cm":412,"minecraft:jump":222,"minecraft:walk_on_water_one_cm":738,"minecraft:time_since_death":18000,"minecraft:total_world_time":18000,"minecraft:fall_one_cm":11336},"minecraft:crafted":{"minecraft:shield":1,"minecraft:crafting_table":2,"minecraft:spruce_planks":28,"minecraft:stick":12,"minecraft:wooden_pickaxe":1,"minecraft:iron_ingot":17,"minecraft:iron_pickaxe":1,"minecraft:stone_pickaxe":1,"minecraft:wooden_axe":1,"minecraft:furnace":1,"minecraft:stone_axe":1,"minecraft:air":0},"minecraft:killed":{"minecraft:skeleton":3,"minecraft:zombie":1},"minecraft:picked_up":{"minecraft:crafting_table":3,"minecraft:raw_iron":44,"minecraft:wooden_pickaxe":5,"minecraft:dripstone_block":1,"minecraft:spruce_sapling":2,"minecraft:pointed_dripstone":2,"minecraft:spruce_log":15,"minecraft:lapis_lazuli":6,"minecraft:bone":4,"minecraft:arrow":3,"minecraft:cobbled_deepslate":5,"minecraft:coal":25,"minecraft:cobblestone":43,"minecraft:furnace":2},"minecraft:mined":{"minecraft:furnace":2,"minecraft:iron_ore":24,"minecraft:spruce_log":15,"minecraft:deepslate_lapis_ore":1,"minecraft:crafting_table":3,"minecraft:pointed_dripstone":2,"minecraft:coal_ore":10,"minecraft:deepslate_iron_ore":13,"minecraft:dripstone_block":1,"minecraft:spruce_leaves":1,"minecraft:stone":44,"minecraft:deepslate":5}},"DataVersion":3465}