{"stats":{"minecraft:crafted":{"minecraft:oak_planks":8,"minecraft:furnace":1,"minecraft:cooked_mutton":2,"minecraft:flint_and_steel":1,"minecraft:iron_boots":1,"minecraft:stone_pickaxe":1,"minecraft:stone_hoe":1,"minecraft:spruce_sign":2,"minecraft:crafting_table":2,"minecraft:spruce_planks":56,"minecraft:wooden_pickaxe":1,"minecraft:iron_helmet":1,"minecraft:iron_sword":1,"minecraft:bucket":2,"minecraft:stone_axe":1,"minecraft:bread":2,"minecraft:air":0,"minecraft:iron_chestplate":1,"minecraft:book":2,"minecraft:shield":1,"minecraft:stick":28,"minecraft:iron_ingot":89,"minecraft:iron_pickaxe":1,"minecraft:wooden_axe":1,"minecraft:iron_shovel":1,"minecraft:iron_leggings":1,"minecraft:white_bed":1,"minecraft:shears":1},"minecraft:killed":{"minecraft:spider":6,"minecraft:skeleton":8,"minecraft:chicken":4,"minecraft:pig":7,"minecraft:zombie_villager":1,"minecraft:creeper":1,"minecraft:sheep":9,"minecraft:zombie":6,"minecraft:cow":7},"minecraft:broken":{"minecraft:stone_pickaxe":1},"minecraft:picked_up":{"minecraft:crafting_table":5,"minecraft:wheat":7,"minecraft:chicken":4,"minecraft:wooden_pickaxe":5,"minecraft:shield":1,"minecraft:string":4,"minecraft:cobbled_deepslate":17,"minecraft:spruce_planks":12,"minecraft:beef":10,"minecraft:iron_pickaxe":1,"minecraft:furnace":3,"minecraft:raw_iron":161,"minecraft:stick":44,"minecraft:torch":12,"minecraft:porkchop":12,"minecraft:pointed_dripstone":21,"minecraft:redstone":61,"minecraft:arrow":14,"minecraft:rotten_flesh":4,"minecraft:obsidian":4,"minecraft:glow_berries":3,"minecraft:mutton":11,"minecraft:cobblestone":157,"minecraft:white_wool":19,"minecraft:feather":3,"minecraft:cooked_beef":5,"minecraft:glow_ink_sac":2,"minecraft:andesite":1,"minecraft:leather":8,"minecraft:flint":1,"minecraft:oak_log":2,"minecraft:lapis_lazuli":124,"minecraft:dirt":82,"minecraft:name_tag":1,"minecraft:cooked_mutton":8,"minecraft:bone":14,"minecraft:apple":1,"minecraft:bow":2,"minecraft:wheat_seeds":20,"minecraft:raw_gold":8,"minecraft:iron_ingot":16,"minecraft:stone_pickaxe":1,"minecraft:cooked_porkchop":6,"minecraft:gravel":9,"minecraft:dripstone_block":1,"minecraft:spruce_sapling":3,"minecraft:spruce_log":28,"minecraft:spider_eye":3,"minecraft:diamond":2,"minecraft:stone_axe":2,"minecraft:granite":5,"minecraft:bread":15,"minecraft:oak_sapling":3,"minecraft:coal":33,"minecraft:oak_leaves":1},"minecraft:used":{"minecraft:iron_shovel":24,"minecraft:flint_and_steel":7,"minecraft:spruce_planks":18,"minecraft:shield":16,"minecraft:iron_sword":84,"minecraft:stone_hoe":97,"minecraft:torch":9,"minecraft:dirt":25,"minecraft:wooden_axe":9,"minecraft:furnace":3,"minecraft:cooked_beef":2,"minecraft:cobbled_deepslate":17,"minecraft:pointed_dripstone":3,"minecraft:wheat_seeds":20,"minecraft:cooked_mutton":4,"minecraft:water_bucket":32,"minecraft:stone_pickaxe":129,"minecraft:wooden_pickaxe":3,"minecraft:spruce_sign":1,"minecraft:oak_leaves":1,"minecraft:crafting_table":6,"minecraft:white_bed":1,"minecraft:dripstone_block":1,"minecraft:shears":1,"minecraft:apple":1,"minecraft:bread":32,"minecraft:string":1,"minecraft:iron_pickaxe":157,"minecraft:spruce_sapling":3,"minecraft:gravel":9,"minecraft:stone_axe":75,"minecraft:cobblestone":140,"minecraft:cooked_porkchop":6,"minecraft:andesite":1,"minecraft:bucket":33},"minecraft:custom":{"minecraft:mob_kills":52,"minecraft:interact_with_crafting_table":43,"minecraft:leave_game":1,"minecraft:time_since_death":100609,"minecraft:sprint_one_cm":327500,"minecraft:walk_one_cm":259535,"minecraft:damage_blocked_by_shield":720,"minecraft:drop":19,"minecraft:play_time":131846,"minecraft:deaths":2,"minecraft:sneak_time":5887,"minecraft:walk_under_water_one_cm":22118,"minecraft:jump":2144,"minecraft:walk_on_water_one_cm":12037,"minecraft:total_world_time":131846,"minecraft:interact_with_furnace":42,"minecraft:sleep_in_bed":1,"minecraft:time_since_rest":3891,"minecraft:damage_taken":2860,"minecraft:damage_dealt":6777,"minecraft:player_kills":2,"minecraft:fly_one_cm":425639,"minecraft:swim_one_cm":16348,"minecraft:open_chest":18,"minecraft:crouch_one_cm":17928,"minecraft:fall_one_cm":83135},"minecraft:mined":{"minecraft:diamond_ore":1,"minecraft:sculk_vein":2,"minecraft:grass_block":18,"minecraft:spruce_leaves":3,"minecraft:large_fern":2,"minecraft:redstone_ore":3,"minecraft:furnace":2,"minecraft:iron_ore":53,"minecraft:fire":11,"minecraft:andesite":1,"minecraft:deepslate_lapis_ore":3,"minecraft:pointed_dripstone":14,"minecraft:deepslate_iron_ore":36,"minecraft:stone":109,"minecraft:deepslate_redstone_ore":7,"minecraft:powder_snow":2,"minecraft:crafting_table":4,"minecraft:torch":1,"minecraft:cobblestone":11,"minecraft:deepslate_gold_ore":4,"minecraft:lapis_ore":6,"minecraft:wall_torch":4,"minecraft:wheat":7,"minecraft:spruce_log":25,"minecraft:birch_leaves":2,"minecraft:grass":106,"minecraft:oak_log":2,"minecraft:coal_ore":10,"minecraft:dirt":8,"minecraft:gravel":12,"minecraft:dripstone_block":1,"minecraft:fern":6,"minecraft:oak_leaves":13,"minecraft:deepslate":17},"minecraft:dropped":{"minecraft:spruce_sign":2,"minecraft:cobblestone":1,"minecraft:granite":5,"minecraft:dirt":57,"minecraft:wooden_axe":1,"minecraft:string":1,"minecraft:stone_axe":1,"minecraft:rotten_flesh":3,"minecraft:oak_sapling":3,"minecraft:spider_eye":2,"minecraft:wooden_pickaxe":6}},"DataVersion":3465}