{"stats":{"minecraft:used":{"minecraft:stone_axe":10,"minecraft:stone_pickaxe":34},"minecraft:custom":{"minecraft:time_since_rest":154,"minecraft:open_chest":4,"minecraft:interact_with_furnace":7,"minecraft:play_time":12000,"minecraft:sprint_one_cm":52428,"minecraft:walk_one_cm":44469,"minecraft:damage_taken":1268,"minecraft:deaths":5,"minecraft:sneak_time":16,"minecraft:jump":240,"minecraft:damage_dealt":644,"minecraft:time_since_death":119,"minecraft:total_world_time":12000,"minecraft:player_kills":1,"minecraft:interact_with_crafting_table":5,"minecraft:fall_one_cm":8890,"minecraft:fly_one_cm":40474},"minecraft:crafted":{"minecraft:stone_axe":1,"minecraft:spruce_planks":16,"minecraft:stick":8,"minecraft:stone_pickaxe":1},"minecraft:killed_by":{"minecraft:player":4},"minecraft:picked_up":{"minecraft:stone_axe":1,"minecraft:granite":5,"minecraft:spruce_log":4,"minecraft:shield":1,"minecraft:coal":66,"minecraft:oak_planks":18,"minecraft:string":1,"minecraft:dirt":38,"minecraft:cobblestone":37},"minecraft:mined":{"minecraft:fire":3,"minecraft:spruce_leaves":2,"minecraft:spruce_log":5,"minecraft:stone":34}},"DataVersion":3465}