{"stats":{"minecraft:used":{"minecraft:stone_axe":47,"minecraft:stone_pickaxe":34},"minecraft:custom":{"minecraft:time_since_rest":3005,"minecraft:open_chest":5,"minecraft:interact_with_furnace":7,"minecraft:play_time":17931,"minecraft:sprint_one_cm":71268,"minecraft:walk_one_cm":62519,"minecraft:damage_taken":1548,"minecraft:deaths":6,"minecraft:sneak_time":16,"minecraft:leave_game":1,"minecraft:jump":358,"minecraft:damage_dealt":875,"minecraft:time_since_death":2981,"minecraft:total_world_time":17931,"minecraft:player_kills":1,"minecraft:interact_with_crafting_table":6,"minecraft:fall_one_cm":13589,"minecraft:fly_one_cm":64987},"minecraft:crafted":{"minecraft:stone_axe":1,"minecraft:spruce_planks":16,"minecraft:stick":8,"minecraft:stone_pickaxe":1},"minecraft:killed_by":{"minecraft:player":5},"minecraft:picked_up":{"minecraft:iron_axe":1,"minecraft:stone_axe":3,"minecraft:oak_log":10,"minecraft:oak_sapling":1,"minecraft:granite":10,"minecraft:stone_pickaxe":2,"minecraft:spruce_sign":2,"minecraft:spruce_log":16,"minecraft:shield":3,"minecraft:spider_eye":1,"minecraft:coal":82,"minecraft:oak_planks":54,"minecraft:string":2,"minecraft:dirt":152,"minecraft:cobblestone":37},"minecraft:mined":{"minecraft:oak_log":10,"minecraft:spruce_planks":2,"minecraft:fire":3,"minecraft:spruce_leaves":7,"minecraft:spruce_log":17,"minecraft:oak_leaves":4,"minecraft:stone":34}},"DataVersion":3465}