{"stats":{"minecraft:crafted":{"minecraft:spruce_planks":8},"minecraft:custom":{"minecraft:time_since_rest":845,"minecraft:damage_taken":163783,"minecraft:sprint_one_cm":144653,"minecraft:walk_one_cm":98559,"minecraft:damage_absorbed":520,"minecraft:mob_kills":1,"minecraft:interact_with_anvil":2,"minecraft:drop":2,"minecraft:damage_dealt":3335,"minecraft:interact_with_crafting_table":9,"minecraft:swim_one_cm":28994,"minecraft:player_kills":1,"minecraft:fly_one_cm":430810,"minecraft:pig_one_cm":566,"minecraft:crouch_one_cm":7998,"minecraft:play_time":56677,"minecraft:deaths":38,"minecraft:sneak_time":3190,"minecraft:walk_under_water_one_cm":19795,"minecraft:boat_one_cm":44913,"minecraft:jump":2180,"minecraft:leave_game":3,"minecraft:time_since_death":796,"minecraft:walk_on_water_one_cm":10421,"minecraft:total_world_time":56677,"minecraft:fall_one_cm":47162},"minecraft:killed_by":{"minecraft:warden":3,"minecraft:player":31},"minecraft:picked_up":{"minecraft:sculk_catalyst":1,"minecraft:stick":137,"minecraft:anvil":1,"minecraft:turtle_helmet":2,"minecraft:water_bucket":1,"minecraft:chest_minecart":12,"minecraft:torch":34,"minecraft:lead":1,"minecraft:diamond_sword":8,"minecraft:axolotl_bucket":2,"minecraft:spruce_fence":2,"minecraft:enchanted_book":2,"minecraft:sand":1,"minecraft:spruce_log":2,"minecraft:redstone":24,"minecraft:rabbit_foot":5,"minecraft:string":28,"minecraft:elytra":1,"minecraft:name_tag":6,"minecraft:arrow":4,"minecraft:pumpkin_seeds":6,"minecraft:bone":12,"minecraft:rotten_flesh":8,"minecraft:activator_rail":12,"minecraft:diamond":6,"minecraft:kelp":3,"minecraft:beetroot_seeds":4,"minecraft:detector_rail":12,"minecraft:spruce_planks":8,"minecraft:spruce_wood":1,"minecraft:iron_ingot":18,"minecraft:golden_apple":1,"minecraft:white_concrete":12,"minecraft:bread":11,"minecraft:gold_ingot":3,"minecraft:totem_of_undying":9,"minecraft:iron_pickaxe":1,"minecraft:rabbit":1,"minecraft:glowstone_dust":68,"minecraft:powered_rail":8,"minecraft:melon_seeds":2,"minecraft:glow_berries":17,"minecraft:coal":29,"minecraft:rail":97},"minecraft:killed":{"minecraft:rabbit":1},"minecraft:mined":{"minecraft:red_carpet":1,"minecraft:glowstone":9,"minecraft:kelp_plant":1,"minecraft:spruce_log":2,"minecraft:sand":1,"minecraft:spruce_wood":1},"minecraft:dropped":{"minecraft:kelp":3,"minecraft:rabbit_foot":1},"minecraft:used":{"minecraft:water_bucket":4,"minecraft:rabbit":1,"minecraft:spruce_wood":1,"minecraft:elytra":1,"minecraft:spruce_planks":8,"minecraft:totem_of_undying":8,"minecraft:golden_apple":1,"minecraft:diamond_sword":2,"minecraft:turtle_helmet":2,"minecraft:bucket":4}},"DataVersion":3465}