{"stats":{"minecraft:custom":{"minecraft:time_since_rest":2151,"minecraft:crouch_one_cm":547,"minecraft:walk_one_cm":27895,"minecraft:play_time":18000,"minecraft:sprint_one_cm":33932,"minecraft:damage_taken":2488,"minecraft:deaths":5,"minecraft:sneak_time":217,"minecraft:walk_under_water_one_cm":11723,"minecraft:interact_with_anvil":2,"minecraft:drop":1,"minecraft:jump":624,"minecraft:damage_dealt":39,"minecraft:time_since_death":2091,"minecraft:walk_on_water_one_cm":5233,"minecraft:total_world_time":18000,"minecraft:swim_one_cm":19072,"minecraft:fall_one_cm":20933,"minecraft:fly_one_cm":90142},"minecraft:killed_by":{"minecraft:player":2},"minecraft:picked_up":{"minecraft:water_bucket":1,"minecraft:turtle_helmet":2,"minecraft:kelp":3,"minecraft:axolotl_bucket":2,"minecraft:spruce_wood":1,"minecraft:sand":1,"minecraft:spruce_log":1},"minecraft:mined":{"minecraft:sand":1,"minecraft:kelp_plant":1,"minecraft:spruce_wood":1,"minecraft:spruce_log":1},"minecraft:dropped":{"minecraft:kelp":3},"minecraft:used":{"minecraft:water_bucket":4,"minecraft:spruce_wood":1,"minecraft:turtle_helmet":2,"minecraft:bucket":4}},"DataVersion":3465}