{"stats":{"minecraft:custom":{"minecraft:jump":194,"minecraft:time_since_rest":422,"minecraft:deaths":2,"minecraft:crouch_one_cm":263,"minecraft:damage_taken":709,"minecraft:sprint_one_cm":12189,"minecraft:play_time":6000,"minecraft:walk_on_water_one_cm":435,"minecraft:time_since_death":393,"minecraft:walk_one_cm":16009,"minecraft:sneak_time":82,"minecraft:total_world_time":6000,"minecraft:walk_under_water_one_cm":7341,"minecraft:interact_with_anvil":2,"minecraft:swim_one_cm":1891,"minecraft:fall_one_cm":3775,"minecraft:fly_one_cm":34716},"minecraft:killed_by":{"minecraft:player":1},"minecraft:picked_up":{"minecraft:turtle_helmet":1},"minecraft:used":{"minecraft:turtle_helmet":1}},"DataVersion":3465}