{"stats":{"minecraft:crafted":{"minecraft:spruce_planks":8,"minecraft:jungle_planks":256},"minecraft:custom":{"minecraft:mob_kills":9,"minecraft:interact_with_anvil":2,"minecraft:interact_with_crafting_table":9,"minecraft:damage_dealt_resisted":18,"minecraft:leave_game":7,"minecraft:time_since_death":771,"minecraft:damage_resisted":1922903,"minecraft:time_since_rest":797,"minecraft:damage_taken":198655,"minecraft:sprint_one_cm":303067,"minecraft:walk_one_cm":223052,"minecraft:damage_absorbed":4042,"minecraft:drop":4,"minecraft:damage_dealt":10171,"minecraft:damage_dealt_absorbed":161,"minecraft:swim_one_cm":47215,"minecraft:fly_one_cm":676638,"minecraft:player_kills":2,"minecraft:pig_one_cm":646263,"minecraft:strider_one_cm":7754,"minecraft:crouch_one_cm":12014,"minecraft:play_time":151513,"minecraft:deaths":97,"minecraft:sneak_time":4032,"minecraft:walk_under_water_one_cm":97563,"minecraft:aviate_one_cm":916702,"minecraft:boat_one_cm":44913,"minecraft:jump":3707,"minecraft:walk_on_water_one_cm":16335,"minecraft:total_world_time":151513,"minecraft:fall_one_cm":135115,"minecraft:inspect_dispenser":3,"minecraft:horse_one_cm":2449},"minecraft:killed_by":{"minecraft:warden":3,"minecraft:player":68,"minecraft:creeper":2,"minecraft:zombie":2},"minecraft:broken":{"minecraft:netherite_helmet":2,"minecraft:netherite_chestplate":1,"minecraft:netherite_leggings":2,"minecraft:netherite_boots":2},"minecraft:picked_up":{"minecraft:lingering_potion":2,"minecraft:netherite_boots":5,"minecraft:splash_potion":2,"minecraft:anvil":1,"minecraft:chest_minecart":12,"minecraft:water_bucket":1,"minecraft:turtle_helmet":2,"minecraft:diamond_sword":24,"minecraft:lead":27,"minecraft:carrot_on_a_stick":8,"minecraft:filled_map":4,"minecraft:potion":1,"minecraft:enchanted_book":2,"minecraft:netherite_leggings":7,"minecraft:string":28,"minecraft:elytra":5,"minecraft:name_tag":6,"minecraft:item_frame":3,"minecraft:bone":12,"minecraft:kelp":3,"minecraft:activator_rail":12,"minecraft:gold_nugget":1,"minecraft:detector_rail":12,"minecraft:spruce_planks":8,"minecraft:spruce_wood":1,"minecraft:iron_ingot":18,"minecraft:enchanted_golden_apple":3,"minecraft:iron_pickaxe":1,"minecraft:rabbit":1,"minecraft:glowstone_dust":68,"minecraft:powered_rail":8,"minecraft:sculk_catalyst":1,"minecraft:stick":137,"minecraft:crimson_pressure_plate":1,"minecraft:oak_fence":898,"minecraft:pig_spawn_egg":2,"minecraft:torch":34,"minecraft:axolotl_bucket":2,"minecraft:spruce_fence":2,"minecraft:porkchop":10,"minecraft:sand":1,"minecraft:spruce_log":2,"minecraft:redstone":24,"minecraft:rabbit_foot":5,"minecraft:stripped_jungle_log":64,"minecraft:sniffer_egg":14,"minecraft:firework_rocket":877,"minecraft:pumpkin_seeds":6,"minecraft:arrow":4,"minecraft:rotten_flesh":11,"minecraft:diamond":6,"minecraft:beetroot_seeds":4,"minecraft:netherite_helmet":6,"minecraft:lever":8,"minecraft:totem_of_undying":175,"minecraft:golden_apple":1,"minecraft:white_concrete":12,"minecraft:saddle":10,"minecraft:gold_ingot":5,"minecraft:bread":11,"minecraft:netherite_chestplate":8,"minecraft:melon_seeds":2,"minecraft:glow_berries":17,"minecraft:coal":29,"minecraft:rail":97,"minecraft:ender_pearl":16},"minecraft:killed":{"minecraft:pig":1,"minecraft:giant":6,"minecraft:rabbit":1,"minecraft:zombie":1},"minecraft:mined":{"minecraft:red_carpet":1,"minecraft:kelp_plant":6,"minecraft:crimson_pressure_plate":1,"minecraft:kelp":4,"minecraft:sniffer_egg":8,"minecraft:seagrass":1,"minecraft:tall_seagrass":5,"minecraft:glowstone":9,"minecraft:spruce_log":2,"minecraft:sand":1,"minecraft:black_candle":1,"minecraft:spruce_wood":1},"minecraft:dropped":{"minecraft:kelp":3,"minecraft:rabbit_foot":1,"minecraft:item_frame":2},"minecraft:used":{"minecraft:water_bucket":4,"minecraft:rabbit":1,"minecraft:netherite_chestplate":8,"minecraft:carrot_on_a_stick":21,"minecraft:elytra":5,"minecraft:ender_pearl":5,"minecraft:spruce_planks":8,"minecraft:sniffer_egg":2,"minecraft:golden_apple":1,"minecraft:netherite_leggings":7,"minecraft:jungle_planks":6,"minecraft:netherite_helmet":5,"minecraft:lingering_potion":7,"minecraft:firework_rocket":57,"minecraft:spruce_wood":1,"minecraft:pig_spawn_egg":2,"minecraft:totem_of_undying":54,"minecraft:netherite_boots":5,"minecraft:diamond_sword":10,"minecraft:turtle_helmet":2,"minecraft:porkchop":2,"minecraft:bucket":4,"minecraft:crimson_pressure_plate":1,"minecraft:enchanted_golden_apple":3,"minecraft:splash_potion":1}},"DataVersion":3465}