{"stats":{"minecraft:crafted":{"minecraft:spruce_planks":8},"minecraft:custom":{"minecraft:time_since_rest":771,"minecraft:damage_taken":153789,"minecraft:sprint_one_cm":123729,"minecraft:walk_one_cm":86637,"minecraft:damage_absorbed":520,"minecraft:mob_kills":1,"minecraft:interact_with_anvil":2,"minecraft:drop":2,"minecraft:damage_dealt":1561,"minecraft:swim_one_cm":27293,"minecraft:interact_with_crafting_table":9,"minecraft:fly_one_cm":333385,"minecraft:pig_one_cm":566,"minecraft:crouch_one_cm":4634,"minecraft:play_time":46688,"minecraft:deaths":27,"minecraft:sneak_time":1950,"minecraft:walk_under_water_one_cm":15543,"minecraft:boat_one_cm":44913,"minecraft:jump":1793,"minecraft:leave_game":1,"minecraft:time_since_death":745,"minecraft:walk_on_water_one_cm":8802,"minecraft:total_world_time":46688,"minecraft:fall_one_cm":41577},"minecraft:killed_by":{"minecraft:player":23},"minecraft:picked_up":{"minecraft:sculk_catalyst":1,"minecraft:stick":7,"minecraft:anvil":1,"minecraft:turtle_helmet":2,"minecraft:water_bucket":1,"minecraft:chest_minecart":12,"minecraft:torch":34,"minecraft:lead":1,"minecraft:axolotl_bucket":2,"minecraft:spruce_fence":2,"minecraft:enchanted_book":2,"minecraft:sand":1,"minecraft:spruce_log":2,"minecraft:redstone":24,"minecraft:rabbit_foot":5,"minecraft:string":28,"minecraft:elytra":1,"minecraft:name_tag":6,"minecraft:arrow":4,"minecraft:pumpkin_seeds":6,"minecraft:bone":12,"minecraft:rotten_flesh":8,"minecraft:activator_rail":12,"minecraft:diamond":6,"minecraft:kelp":3,"minecraft:beetroot_seeds":4,"minecraft:detector_rail":12,"minecraft:spruce_planks":8,"minecraft:spruce_wood":1,"minecraft:iron_ingot":18,"minecraft:golden_apple":1,"minecraft:white_concrete":12,"minecraft:totem_of_undying":9,"minecraft:gold_ingot":3,"minecraft:bread":11,"minecraft:iron_pickaxe":1,"minecraft:rabbit":1,"minecraft:glowstone_dust":68,"minecraft:powered_rail":8,"minecraft:melon_seeds":2,"minecraft:glow_berries":17,"minecraft:coal":29,"minecraft:rail":97},"minecraft:killed":{"minecraft:rabbit":1},"minecraft:mined":{"minecraft:red_carpet":1,"minecraft:glowstone":9,"minecraft:kelp_plant":1,"minecraft:spruce_log":2,"minecraft:sand":1,"minecraft:spruce_wood":1},"minecraft:dropped":{"minecraft:kelp":3,"minecraft:rabbit_foot":1},"minecraft:used":{"minecraft:water_bucket":4,"minecraft:rabbit":1,"minecraft:spruce_wood":1,"minecraft:elytra":1,"minecraft:spruce_planks":8,"minecraft:totem_of_undying":8,"minecraft:golden_apple":1,"minecraft:turtle_helmet":2,"minecraft:bucket":4}},"DataVersion":3465}