{"stats":{"minecraft:crafted":{"minecraft:spruce_planks":8},"minecraft:custom":{"minecraft:time_since_rest":333,"minecraft:damage_taken":44249,"minecraft:sprint_one_cm":73846,"minecraft:walk_one_cm":49527,"minecraft:interact_with_anvil":2,"minecraft:mob_kills":1,"minecraft:drop":2,"minecraft:damage_dealt":843,"minecraft:swim_one_cm":21397,"minecraft:interact_with_crafting_table":9,"minecraft:fly_one_cm":206090,"minecraft:crouch_one_cm":4058,"minecraft:play_time":30000,"minecraft:deaths":18,"minecraft:sneak_time":1849,"minecraft:walk_under_water_one_cm":12609,"minecraft:jump":1140,"minecraft:walk_on_water_one_cm":6869,"minecraft:time_since_death":306,"minecraft:total_world_time":30000,"minecraft:fall_one_cm":31486},"minecraft:killed_by":{"minecraft:player":14},"minecraft:picked_up":{"minecraft:sculk_catalyst":1,"minecraft:stick":6,"minecraft:chest_minecart":12,"minecraft:anvil":1,"minecraft:water_bucket":1,"minecraft:turtle_helmet":2,"minecraft:lead":1,"minecraft:axolotl_bucket":2,"minecraft:enchanted_book":2,"minecraft:sand":1,"minecraft:spruce_log":2,"minecraft:rabbit_foot":5,"minecraft:elytra":1,"minecraft:name_tag":6,"minecraft:pumpkin_seeds":6,"minecraft:bone":4,"minecraft:rotten_flesh":1,"minecraft:diamond":6,"minecraft:kelp":3,"minecraft:beetroot_seeds":4,"minecraft:detector_rail":12,"minecraft:spruce_planks":8,"minecraft:spruce_wood":1,"minecraft:golden_apple":1,"minecraft:powered_rail":8,"minecraft:rabbit":1,"minecraft:glowstone_dust":68,"minecraft:melon_seeds":2,"minecraft:glow_berries":17,"minecraft:coal":29,"minecraft:rail":33},"minecraft:killed":{"minecraft:rabbit":1},"minecraft:mined":{"minecraft:red_carpet":1,"minecraft:glowstone":9,"minecraft:kelp_plant":1,"minecraft:spruce_log":2,"minecraft:sand":1,"minecraft:spruce_wood":1},"minecraft:dropped":{"minecraft:kelp":3,"minecraft:rabbit_foot":1},"minecraft:used":{"minecraft:water_bucket":4,"minecraft:rabbit":1,"minecraft:spruce_wood":1,"minecraft:elytra":1,"minecraft:spruce_planks":8,"minecraft:turtle_helmet":2,"minecraft:bucket":4}},"DataVersion":3465}