{"stats":{"minecraft:crafted":{"minecraft:spruce_planks":8},"minecraft:custom":{"minecraft:interact_with_anvil":2,"minecraft:mob_kills":1,"minecraft:interact_with_crafting_table":9,"minecraft:leave_game":3,"minecraft:time_since_death":8595,"minecraft:time_since_rest":8632,"minecraft:sprint_one_cm":153742,"minecraft:damage_absorbed":520,"minecraft:damage_taken":165472,"minecraft:walk_one_cm":107756,"minecraft:drop":2,"minecraft:damage_dealt":3335,"minecraft:swim_one_cm":28994,"minecraft:fly_one_cm":453833,"minecraft:player_kills":1,"minecraft:pig_one_cm":178700,"minecraft:crouch_one_cm":8090,"minecraft:play_time":68677,"minecraft:deaths":41,"minecraft:sneak_time":3202,"minecraft:walk_under_water_one_cm":19795,"minecraft:boat_one_cm":44913,"minecraft:jump":2320,"minecraft:walk_on_water_one_cm":10421,"minecraft:total_world_time":68677,"minecraft:fall_one_cm":47568},"minecraft:killed_by":{"minecraft:warden":3,"minecraft:player":32},"minecraft:picked_up":{"minecraft:chest_minecart":12,"minecraft:anvil":1,"minecraft:water_bucket":1,"minecraft:turtle_helmet":2,"minecraft:diamond_sword":8,"minecraft:lead":3,"minecraft:carrot_on_a_stick":3,"minecraft:enchanted_book":2,"minecraft:string":28,"minecraft:elytra":1,"minecraft:name_tag":6,"minecraft:bone":12,"minecraft:kelp":3,"minecraft:activator_rail":12,"minecraft:detector_rail":12,"minecraft:spruce_planks":8,"minecraft:spruce_wood":1,"minecraft:iron_ingot":18,"minecraft:iron_pickaxe":1,"minecraft:rabbit":1,"minecraft:powered_rail":8,"minecraft:glowstone_dust":68,"minecraft:sculk_catalyst":1,"minecraft:stick":137,"minecraft:oak_fence":384,"minecraft:pig_spawn_egg":1,"minecraft:torch":34,"minecraft:axolotl_bucket":2,"minecraft:spruce_fence":2,"minecraft:porkchop":2,"minecraft:sand":1,"minecraft:spruce_log":2,"minecraft:redstone":24,"minecraft:rabbit_foot":5,"minecraft:pumpkin_seeds":6,"minecraft:arrow":4,"minecraft:rotten_flesh":8,"minecraft:diamond":6,"minecraft:beetroot_seeds":4,"minecraft:totem_of_undying":9,"minecraft:golden_apple":1,"minecraft:white_concrete":12,"minecraft:saddle":1,"minecraft:gold_ingot":3,"minecraft:bread":11,"minecraft:melon_seeds":2,"minecraft:glow_berries":17,"minecraft:coal":29,"minecraft:rail":97},"minecraft:killed":{"minecraft:rabbit":1},"minecraft:mined":{"minecraft:red_carpet":1,"minecraft:kelp_plant":1,"minecraft:glowstone":9,"minecraft:spruce_log":2,"minecraft:sand":1,"minecraft:spruce_wood":1},"minecraft:dropped":{"minecraft:kelp":3,"minecraft:rabbit_foot":1},"minecraft:used":{"minecraft:water_bucket":4,"minecraft:rabbit":1,"minecraft:carrot_on_a_stick":9,"minecraft:elytra":1,"minecraft:spruce_planks":8,"minecraft:golden_apple":1,"minecraft:spruce_wood":1,"minecraft:pig_spawn_egg":1,"minecraft:totem_of_undying":8,"minecraft:diamond_sword":2,"minecraft:turtle_helmet":2,"minecraft:bucket":4}},"DataVersion":3465}