{"stats":{"minecraft:crafted":{"minecraft:spruce_planks":8},"minecraft:custom":{"minecraft:interact_with_anvil":2,"minecraft:mob_kills":9,"minecraft:interact_with_crafting_table":9,"minecraft:damage_dealt_resisted":18,"minecraft:leave_game":3,"minecraft:time_since_death":1654,"minecraft:damage_resisted":6921,"minecraft:time_since_rest":1680,"minecraft:sprint_one_cm":228798,"minecraft:damage_absorbed":4010,"minecraft:damage_taken":183587,"minecraft:walk_one_cm":168194,"minecraft:drop":2,"minecraft:damage_dealt":9952,"minecraft:swim_one_cm":28994,"minecraft:fly_one_cm":571868,"minecraft:player_kills":1,"minecraft:pig_one_cm":386911,"minecraft:crouch_one_cm":8277,"minecraft:play_time":104677,"minecraft:deaths":74,"minecraft:sneak_time":3555,"minecraft:walk_under_water_one_cm":19821,"minecraft:boat_one_cm":44913,"minecraft:jump":2949,"minecraft:walk_on_water_one_cm":10421,"minecraft:total_world_time":104677,"minecraft:fall_one_cm":66583,"minecraft:inspect_dispenser":3,"minecraft:horse_one_cm":2449},"minecraft:killed_by":{"minecraft:warden":3,"minecraft:player":55,"minecraft:creeper":2,"minecraft:zombie":2},"minecraft:picked_up":{"minecraft:lingering_potion":2,"minecraft:splash_potion":2,"minecraft:chest_minecart":12,"minecraft:anvil":1,"minecraft:water_bucket":1,"minecraft:turtle_helmet":2,"minecraft:diamond_sword":11,"minecraft:lead":20,"minecraft:carrot_on_a_stick":6,"minecraft:potion":1,"minecraft:enchanted_book":2,"minecraft:string":28,"minecraft:elytra":1,"minecraft:name_tag":6,"minecraft:bone":12,"minecraft:kelp":3,"minecraft:activator_rail":12,"minecraft:gold_nugget":1,"minecraft:detector_rail":12,"minecraft:spruce_planks":8,"minecraft:spruce_wood":1,"minecraft:iron_ingot":18,"minecraft:iron_pickaxe":1,"minecraft:rabbit":1,"minecraft:powered_rail":8,"minecraft:glowstone_dust":68,"minecraft:sculk_catalyst":1,"minecraft:stick":137,"minecraft:crimson_pressure_plate":1,"minecraft:oak_fence":898,"minecraft:pig_spawn_egg":1,"minecraft:torch":34,"minecraft:axolotl_bucket":2,"minecraft:spruce_fence":2,"minecraft:porkchop":10,"minecraft:sand":1,"minecraft:spruce_log":2,"minecraft:redstone":24,"minecraft:rabbit_foot":5,"minecraft:pumpkin_seeds":6,"minecraft:arrow":4,"minecraft:rotten_flesh":11,"minecraft:diamond":6,"minecraft:beetroot_seeds":4,"minecraft:totem_of_undying":175,"minecraft:golden_apple":1,"minecraft:white_concrete":12,"minecraft:saddle":9,"minecraft:gold_ingot":5,"minecraft:bread":11,"minecraft:melon_seeds":2,"minecraft:glow_berries":17,"minecraft:coal":29,"minecraft:rail":97,"minecraft:ender_pearl":16},"minecraft:killed":{"minecraft:pig":1,"minecraft:giant":6,"minecraft:rabbit":1,"minecraft:zombie":1},"minecraft:mined":{"minecraft:red_carpet":1,"minecraft:kelp_plant":1,"minecraft:crimson_pressure_plate":1,"minecraft:glowstone":9,"minecraft:spruce_log":2,"minecraft:sand":1,"minecraft:spruce_wood":1},"minecraft:dropped":{"minecraft:kelp":3,"minecraft:rabbit_foot":1},"minecraft:used":{"minecraft:water_bucket":4,"minecraft:rabbit":1,"minecraft:carrot_on_a_stick":16,"minecraft:elytra":1,"minecraft:ender_pearl":5,"minecraft:spruce_planks":8,"minecraft:golden_apple":1,"minecraft:lingering_potion":7,"minecraft:spruce_wood":1,"minecraft:pig_spawn_egg":1,"minecraft:totem_of_undying":54,"minecraft:diamond_sword":8,"minecraft:turtle_helmet":2,"minecraft:porkchop":2,"minecraft:bucket":4,"minecraft:crimson_pressure_plate":1,"minecraft:splash_potion":1}},"DataVersion":3465}