{"stats":{"minecraft:custom":{"minecraft:interact_with_anvil":9,"minecraft:mob_kills":15,"minecraft:interact_with_crafting_table":3,"minecraft:time_since_death":47792,"minecraft:damage_resisted":3135,"minecraft:time_since_rest":47818,"minecraft:sprint_one_cm":106386,"minecraft:damage_taken":2050,"minecraft:walk_one_cm":447251,"minecraft:drop":38,"minecraft:damage_dealt":84681,"minecraft:damage_dealt_absorbed":520,"minecraft:swim_one_cm":3268,"minecraft:fly_one_cm":392271,"minecraft:player_kills":18,"minecraft:pig_one_cm":60205,"minecraft:crouch_one_cm":4377,"minecraft:play_time":54000,"minecraft:deaths":2,"minecraft:sneak_time":1167,"minecraft:walk_under_water_one_cm":12404,"minecraft:boat_one_cm":22005,"minecraft:aviate_one_cm":848,"minecraft:jump":572,"minecraft:walk_on_water_one_cm":2097,"minecraft:total_world_time":54000,"minecraft:fall_one_cm":4370},"minecraft:crafted":{"minecraft:wooden_sword":1,"minecraft:crafting_table":2,"minecraft:spruce_planks":12,"minecraft:stick":4},"minecraft:killed_by":{"minecraft:warden":1},"minecraft:picked_up":{"minecraft:seagrass":2,"minecraft:anvil":1,"minecraft:chest_minecart":4,"minecraft:lead":2,"minecraft:diamond_sword":2,"minecraft:gunpowder":1,"minecraft:string":30,"minecraft:elytra":1,"minecraft:wooden_sword":1,"minecraft:bone":1,"minecraft:activator_rail":6,"minecraft:detector_rail":1,"minecraft:iron_ingot":6,"minecraft:beef":3,"minecraft:iron_pickaxe":1,"minecraft:glowstone_dust":30,"minecraft:sculk_catalyst":3,"minecraft:tipped_arrow":4,"minecraft:stick":1,"minecraft:crimson_pressure_plate":1,"minecraft:torch":40,"minecraft:spruce_fence":1,"minecraft:ink_sac":4,"minecraft:spruce_log":3,"minecraft:redstone":4,"minecraft:rabbit_foot":2,"minecraft:pumpkin_seeds":2,"minecraft:arrow":5,"minecraft:rotten_flesh":24,"minecraft:golden_apple":2,"minecraft:white_concrete":5,"minecraft:gold_ingot":2,"minecraft:totem_of_undying":5,"minecraft:melon_seeds":7,"minecraft:coal":6,"minecraft:rail":29},"minecraft:killed":{"minecraft:strider":1,"minecraft:warden":11,"minecraft:turtle":1,"minecraft:cow":2},"minecraft:mined":{"minecraft:glass_pane":1,"minecraft:spruce_log":3},"minecraft:dropped":{"minecraft:pig_spawn_egg":1,"minecraft:oak_fence":128,"minecraft:saddle":1,"minecraft:totem_of_undying":21,"minecraft:carrot_on_a_stick":1,"minecraft:rabbit_foot":1,"minecraft:stick":5,"minecraft:diamond_sword":6},"minecraft:used":{"minecraft:oak_fence":133,"minecraft:red_concrete":11,"minecraft:soul_sand":111,"minecraft:anvil":4,"minecraft:crafting_table":2,"minecraft:lingering_potion":1,"minecraft:spruce_fence":1,"minecraft:wooden_axe":6,"minecraft:black_concrete":3,"minecraft:command_block":1,"minecraft:pig_spawn_egg":3,"minecraft:wooden_sword":24,"minecraft:diamond_sword":48,"minecraft:turtle_helmet":1,"minecraft:white_concrete":27,"minecraft:cobweb":31}},"DataVersion":3465}