{"stats":{"minecraft:custom":{"minecraft:mob_kills":28,"minecraft:interact_with_anvil":10,"minecraft:interact_with_crafting_table":3,"minecraft:leave_game":2,"minecraft:time_since_death":138858,"minecraft:damage_resisted":3135,"minecraft:time_since_rest":138884,"minecraft:sprint_one_cm":136514,"minecraft:damage_taken":2050,"minecraft:walk_one_cm":592162,"minecraft:drop":110,"minecraft:damage_dealt":87092,"minecraft:damage_dealt_absorbed":15600,"minecraft:swim_one_cm":3268,"minecraft:fly_one_cm":984348,"minecraft:player_kills":41,"minecraft:pig_one_cm":60205,"minecraft:strider_one_cm":97650,"minecraft:crouch_one_cm":6646,"minecraft:play_time":145066,"minecraft:deaths":2,"minecraft:sneak_time":3001,"minecraft:walk_under_water_one_cm":12404,"minecraft:boat_one_cm":22005,"minecraft:aviate_one_cm":848,"minecraft:jump":792,"minecraft:walk_on_water_one_cm":2097,"minecraft:total_world_time":145066,"minecraft:fall_one_cm":4370,"minecraft:inspect_dispenser":1,"minecraft:horse_one_cm":1394},"minecraft:crafted":{"minecraft:wooden_sword":1,"minecraft:crafting_table":2,"minecraft:spruce_planks":12,"minecraft:stick":4},"minecraft:killed_by":{"minecraft:warden":1},"minecraft:picked_up":{"minecraft:seagrass":2,"minecraft:netherite_boots":1,"minecraft:anvil":1,"minecraft:chest_minecart":4,"minecraft:diamond_sword":3,"minecraft:lead":11,"minecraft:carrot_on_a_stick":2,"minecraft:filled_map":23,"minecraft:gunpowder":1,"minecraft:netherite_leggings":1,"minecraft:string":38,"minecraft:elytra":1,"minecraft:wooden_sword":1,"minecraft:item_frame":15,"minecraft:bone":1,"minecraft:activator_rail":6,"minecraft:gold_nugget":1,"minecraft:detector_rail":1,"minecraft:iron_ingot":6,"minecraft:beef":3,"minecraft:enchanted_golden_apple":1,"minecraft:iron_pickaxe":1,"minecraft:glowstone_dust":30,"minecraft:sculk_catalyst":3,"minecraft:tipped_arrow":4,"minecraft:stick":1,"minecraft:crimson_pressure_plate":1,"minecraft:torch":40,"minecraft:spruce_fence":1,"minecraft:porkchop":7,"minecraft:ink_sac":4,"minecraft:spruce_log":3,"minecraft:redstone":4,"minecraft:rabbit_foot":2,"minecraft:firework_rocket":1,"minecraft:rotten_flesh":24,"minecraft:pumpkin_seeds":2,"minecraft:arrow":5,"minecraft:netherite_helmet":1,"minecraft:lever":2,"minecraft:scute":1,"minecraft:golden_apple":2,"minecraft:white_concrete":5,"minecraft:saddle":5,"minecraft:gold_ingot":2,"minecraft:totem_of_undying":23,"minecraft:netherite_chestplate":1,"minecraft:melon_seeds":7,"minecraft:rail":29,"minecraft:coal":6},"minecraft:killed":{"minecraft:pig":2,"minecraft:zombified_piglin":2,"minecraft:witch":5,"minecraft:endermite":1,"minecraft:strider":1,"minecraft:axolotl":1,"minecraft:warden":11,"minecraft:turtle":1,"minecraft:camel":1,"minecraft:cow":2},"minecraft:mined":{"minecraft:glass_pane":1,"minecraft:spruce_log":3},"minecraft:dropped":{"minecraft:ender_pearl":32,"minecraft:pig_spawn_egg":2,"minecraft:netherite_sword":1,"minecraft:netherite_chestplate":3,"minecraft:netherite_helmet":4,"minecraft:oak_fence":128,"minecraft:lead":1,"minecraft:scute":1,"minecraft:enchanted_golden_apple":3,"minecraft:saddle":2,"minecraft:stripped_jungle_log":64,"minecraft:elytra":3,"minecraft:totem_of_undying":41,"minecraft:carrot_on_a_stick":3,"minecraft:rabbit_foot":1,"minecraft:netherite_leggings":3,"minecraft:item_frame":15,"minecraft:stick":5,"minecraft:filled_map":23,"minecraft:diamond_sword":11,"minecraft:golden_carrot":64,"minecraft:netherite_boots":3,"minecraft:firework_rocket":960},"minecraft:used":{"minecraft:oak_fence":136,"minecraft:netherite_sword":21,"minecraft:end_rod":7,"minecraft:iron_bars":11,"minecraft:red_concrete":30,"minecraft:carrot_on_a_stick":9,"minecraft:oak_sign":3,"minecraft:stone":8,"minecraft:sniffer_egg":8,"minecraft:dragon_egg":4,"minecraft:soul_sand":111,"minecraft:anvil":4,"minecraft:strider_spawn_egg":3,"minecraft:crafting_table":2,"minecraft:skeleton_horse_spawn_egg":1,"minecraft:lingering_potion":1264,"minecraft:spruce_fence":1,"minecraft:milk_bucket":1,"minecraft:sticky_piston":15,"minecraft:lever":21,"minecraft:ender_eye":11,"minecraft:wooden_axe":6,"minecraft:black_concrete":4,"minecraft:lava_bucket":34,"minecraft:firework_rocket":33,"minecraft:villager_spawn_egg":7,"minecraft:command_block":1,"minecraft:oak_button":1,"minecraft:pig_spawn_egg":9,"minecraft:item_frame":47,"minecraft:glowstone":1,"minecraft:diamond_sword":51,"minecraft:wooden_sword":24,"minecraft:turtle_helmet":1,"minecraft:white_concrete":203,"minecraft:splash_potion":1467,"minecraft:cobweb":68}},"DataVersion":3465}