{"stats":{"minecraft:crafted":{"minecraft:wooden_sword":1,"minecraft:crafting_table":2,"minecraft:spruce_planks":12,"minecraft:stick":4},"minecraft:custom":{"minecraft:time_since_rest":35818,"minecraft:sprint_one_cm":103696,"minecraft:damage_taken":2050,"minecraft:walk_one_cm":432554,"minecraft:mob_kills":15,"minecraft:interact_with_anvil":2,"minecraft:drop":35,"minecraft:damage_dealt":84521,"minecraft:damage_dealt_absorbed":520,"minecraft:swim_one_cm":3268,"minecraft:interact_with_crafting_table":3,"minecraft:player_kills":18,"minecraft:fly_one_cm":355109,"minecraft:pig_one_cm":1549,"minecraft:crouch_one_cm":4377,"minecraft:play_time":42000,"minecraft:deaths":2,"minecraft:sneak_time":1140,"minecraft:walk_under_water_one_cm":12404,"minecraft:boat_one_cm":22005,"minecraft:aviate_one_cm":848,"minecraft:jump":547,"minecraft:walk_on_water_one_cm":2097,"minecraft:time_since_death":35792,"minecraft:total_world_time":42000,"minecraft:damage_resisted":3135,"minecraft:fall_one_cm":4370},"minecraft:killed_by":{"minecraft:warden":1},"minecraft:picked_up":{"minecraft:sculk_catalyst":3,"minecraft:seagrass":2,"minecraft:stick":1,"minecraft:anvil":1,"minecraft:chest_minecart":4,"minecraft:diamond_sword":2,"minecraft:torch":40,"minecraft:lead":2,"minecraft:spruce_fence":1,"minecraft:ink_sac":4,"minecraft:gunpowder":1,"minecraft:spruce_log":3,"minecraft:redstone":4,"minecraft:string":30,"minecraft:rabbit_foot":2,"minecraft:elytra":1,"minecraft:wooden_sword":1,"minecraft:arrow":5,"minecraft:pumpkin_seeds":2,"minecraft:bone":1,"minecraft:rotten_flesh":24,"minecraft:activator_rail":6,"minecraft:detector_rail":1,"minecraft:beef":3,"minecraft:iron_ingot":6,"minecraft:white_concrete":5,"minecraft:golden_apple":2,"minecraft:gold_ingot":2,"minecraft:totem_of_undying":5,"minecraft:iron_pickaxe":1,"minecraft:glowstone_dust":30,"minecraft:melon_seeds":7,"minecraft:coal":6,"minecraft:rail":29},"minecraft:killed":{"minecraft:turtle":1,"minecraft:warden":11,"minecraft:strider":1,"minecraft:cow":2},"minecraft:mined":{"minecraft:glass_pane":1,"minecraft:spruce_log":3},"minecraft:dropped":{"minecraft:diamond_sword":6,"minecraft:oak_fence":128,"minecraft:totem_of_undying":21,"minecraft:rabbit_foot":1,"minecraft:stick":5},"minecraft:used":{"minecraft:oak_fence":133,"minecraft:wooden_axe":6,"minecraft:command_block":1,"minecraft:red_concrete":7,"minecraft:diamond_sword":48,"minecraft:wooden_sword":24,"minecraft:soul_sand":111,"minecraft:anvil":2,"minecraft:turtle_helmet":1,"minecraft:crafting_table":2,"minecraft:white_concrete":26,"minecraft:cobweb":24}},"DataVersion":3465}