{"stats":{"minecraft:crafted":{"minecraft:wooden_sword":1,"minecraft:crafting_table":2,"minecraft:spruce_planks":12,"minecraft:stick":4},"minecraft:custom":{"minecraft:time_since_rest":11818,"minecraft:sprint_one_cm":74213,"minecraft:damage_taken":1408,"minecraft:walk_one_cm":70601,"minecraft:mob_kills":9,"minecraft:interact_with_anvil":1,"minecraft:drop":22,"minecraft:damage_dealt":29275,"minecraft:damage_dealt_absorbed":520,"minecraft:swim_one_cm":3268,"minecraft:interact_with_crafting_table":3,"minecraft:player_kills":16,"minecraft:fly_one_cm":100269,"minecraft:crouch_one_cm":3428,"minecraft:play_time":18000,"minecraft:deaths":2,"minecraft:sneak_time":850,"minecraft:walk_under_water_one_cm":6364,"minecraft:aviate_one_cm":848,"minecraft:jump":351,"minecraft:walk_on_water_one_cm":1639,"minecraft:time_since_death":11792,"minecraft:total_world_time":18000,"minecraft:damage_resisted":3135,"minecraft:fall_one_cm":4370},"minecraft:killed_by":{"minecraft:warden":1},"minecraft:picked_up":{"minecraft:sculk_catalyst":3,"minecraft:seagrass":2,"minecraft:anvil":1,"minecraft:chest_minecart":4,"minecraft:torch":40,"minecraft:lead":2,"minecraft:ink_sac":4,"minecraft:gunpowder":1,"minecraft:spruce_log":3,"minecraft:redstone":4,"minecraft:string":30,"minecraft:rabbit_foot":2,"minecraft:elytra":1,"minecraft:wooden_sword":1,"minecraft:arrow":5,"minecraft:pumpkin_seeds":2,"minecraft:bone":1,"minecraft:rotten_flesh":24,"minecraft:activator_rail":6,"minecraft:detector_rail":1,"minecraft:beef":3,"minecraft:iron_ingot":6,"minecraft:white_concrete":5,"minecraft:golden_apple":2,"minecraft:gold_ingot":2,"minecraft:totem_of_undying":5,"minecraft:iron_pickaxe":1,"minecraft:glowstone_dust":30,"minecraft:melon_seeds":7,"minecraft:coal":6,"minecraft:rail":29},"minecraft:killed":{"minecraft:turtle":1,"minecraft:warden":5,"minecraft:strider":1,"minecraft:cow":2},"minecraft:mined":{"minecraft:glass_pane":1,"minecraft:spruce_log":3},"minecraft:dropped":{"minecraft:totem_of_undying":21,"minecraft:rabbit_foot":1},"minecraft:used":{"minecraft:wooden_axe":6,"minecraft:red_concrete":5,"minecraft:wooden_sword":24,"minecraft:anvil":1,"minecraft:turtle_helmet":1,"minecraft:crafting_table":2,"minecraft:white_concrete":26}},"DataVersion":3465}