{"stats":{"minecraft:crafted":{"minecraft:wooden_sword":1,"minecraft:crafting_table":2,"minecraft:spruce_planks":12,"minecraft:stick":4},"minecraft:custom":{"minecraft:time_since_rest":1916,"minecraft:crouch_one_cm":1382,"minecraft:play_time":6000,"minecraft:sprint_one_cm":10961,"minecraft:deaths":1,"minecraft:damage_taken":958,"minecraft:walk_one_cm":19147,"minecraft:sneak_time":362,"minecraft:walk_under_water_one_cm":380,"minecraft:mob_kills":5,"minecraft:jump":150,"minecraft:damage_dealt":26589,"minecraft:time_since_death":1865,"minecraft:walk_on_water_one_cm":1639,"minecraft:damage_resisted":3135,"minecraft:total_world_time":6000,"minecraft:swim_one_cm":3268,"minecraft:interact_with_crafting_table":3,"minecraft:fall_one_cm":1662,"minecraft:fly_one_cm":13920,"minecraft:player_kills":7},"minecraft:killed_by":{"minecraft:warden":1},"minecraft:picked_up":{"minecraft:sculk_catalyst":3,"minecraft:wooden_sword":1,"minecraft:spruce_log":3},"minecraft:killed":{"minecraft:warden":5},"minecraft:mined":{"minecraft:glass_pane":1,"minecraft:spruce_log":3},"minecraft:used":{"minecraft:wooden_axe":6,"minecraft:wooden_sword":24,"minecraft:crafting_table":2}},"DataVersion":3465}