{"stats":{"minecraft:custom":{"minecraft:interact_with_anvil":10,"minecraft:mob_kills":18,"minecraft:interact_with_crafting_table":3,"minecraft:time_since_death":71792,"minecraft:damage_resisted":3135,"minecraft:time_since_rest":71818,"minecraft:sprint_one_cm":109344,"minecraft:damage_taken":2050,"minecraft:walk_one_cm":466435,"minecraft:drop":61,"minecraft:damage_dealt":84821,"minecraft:damage_dealt_absorbed":15600,"minecraft:swim_one_cm":3268,"minecraft:fly_one_cm":567417,"minecraft:player_kills":41,"minecraft:pig_one_cm":60205,"minecraft:crouch_one_cm":5004,"minecraft:play_time":78000,"minecraft:deaths":2,"minecraft:sneak_time":2109,"minecraft:walk_under_water_one_cm":12404,"minecraft:boat_one_cm":22005,"minecraft:aviate_one_cm":848,"minecraft:jump":604,"minecraft:walk_on_water_one_cm":2097,"minecraft:total_world_time":78000,"minecraft:inspect_dispenser":1,"minecraft:fall_one_cm":4370},"minecraft:crafted":{"minecraft:wooden_sword":1,"minecraft:crafting_table":2,"minecraft:spruce_planks":12,"minecraft:stick":4},"minecraft:killed_by":{"minecraft:warden":1},"minecraft:picked_up":{"minecraft:seagrass":2,"minecraft:anvil":1,"minecraft:chest_minecart":4,"minecraft:carrot_on_a_stick":1,"minecraft:lead":3,"minecraft:diamond_sword":2,"minecraft:gunpowder":1,"minecraft:string":30,"minecraft:elytra":1,"minecraft:wooden_sword":1,"minecraft:bone":1,"minecraft:activator_rail":6,"minecraft:detector_rail":1,"minecraft:iron_ingot":6,"minecraft:beef":3,"minecraft:iron_pickaxe":1,"minecraft:glowstone_dust":30,"minecraft:sculk_catalyst":3,"minecraft:tipped_arrow":4,"minecraft:stick":1,"minecraft:crimson_pressure_plate":1,"minecraft:torch":40,"minecraft:spruce_fence":1,"minecraft:porkchop":4,"minecraft:ink_sac":4,"minecraft:spruce_log":3,"minecraft:redstone":4,"minecraft:rabbit_foot":2,"minecraft:pumpkin_seeds":2,"minecraft:arrow":5,"minecraft:rotten_flesh":24,"minecraft:golden_apple":2,"minecraft:white_concrete":5,"minecraft:saddle":3,"minecraft:gold_ingot":2,"minecraft:totem_of_undying":23,"minecraft:melon_seeds":7,"minecraft:coal":6,"minecraft:rail":29},"minecraft:killed":{"minecraft:pig":2,"minecraft:endermite":1,"minecraft:strider":1,"minecraft:warden":11,"minecraft:turtle":1,"minecraft:cow":2},"minecraft:mined":{"minecraft:glass_pane":1,"minecraft:spruce_log":3},"minecraft:dropped":{"minecraft:ender_pearl":32,"minecraft:pig_spawn_egg":1,"minecraft:oak_fence":128,"minecraft:lead":1,"minecraft:saddle":1,"minecraft:totem_of_undying":41,"minecraft:carrot_on_a_stick":1,"minecraft:rabbit_foot":1,"minecraft:stick":5,"minecraft:diamond_sword":6},"minecraft:used":{"minecraft:oak_fence":133,"minecraft:red_concrete":11,"minecraft:carrot_on_a_stick":9,"minecraft:soul_sand":111,"minecraft:anvil":4,"minecraft:crafting_table":2,"minecraft:lingering_potion":1249,"minecraft:spruce_fence":1,"minecraft:wooden_axe":6,"minecraft:black_concrete":4,"minecraft:lava_bucket":32,"minecraft:command_block":1,"minecraft:pig_spawn_egg":7,"minecraft:wooden_sword":24,"minecraft:diamond_sword":48,"minecraft:turtle_helmet":1,"minecraft:white_concrete":60,"minecraft:splash_potion":1467,"minecraft:cobweb":66}},"DataVersion":3465}