{"stats":{"minecraft:custom":{"minecraft:mob_kills":28,"minecraft:interact_with_anvil":10,"minecraft:interact_with_crafting_table":3,"minecraft:leave_game":1,"minecraft:time_since_death":93244,"minecraft:damage_resisted":3135,"minecraft:time_since_rest":93270,"minecraft:sprint_one_cm":123396,"minecraft:damage_taken":2050,"minecraft:walk_one_cm":511433,"minecraft:drop":81,"minecraft:damage_dealt":87042,"minecraft:damage_dealt_absorbed":15600,"minecraft:swim_one_cm":3268,"minecraft:fly_one_cm":642023,"minecraft:player_kills":41,"minecraft:pig_one_cm":60205,"minecraft:crouch_one_cm":5396,"minecraft:play_time":99452,"minecraft:deaths":2,"minecraft:sneak_time":2328,"minecraft:walk_under_water_one_cm":12404,"minecraft:boat_one_cm":22005,"minecraft:aviate_one_cm":848,"minecraft:jump":687,"minecraft:walk_on_water_one_cm":2097,"minecraft:total_world_time":99452,"minecraft:fall_one_cm":4370,"minecraft:inspect_dispenser":1,"minecraft:horse_one_cm":1394},"minecraft:crafted":{"minecraft:wooden_sword":1,"minecraft:crafting_table":2,"minecraft:spruce_planks":12,"minecraft:stick":4},"minecraft:killed_by":{"minecraft:warden":1},"minecraft:picked_up":{"minecraft:seagrass":2,"minecraft:netherite_boots":1,"minecraft:anvil":1,"minecraft:chest_minecart":4,"minecraft:diamond_sword":3,"minecraft:lead":3,"minecraft:carrot_on_a_stick":1,"minecraft:gunpowder":1,"minecraft:netherite_leggings":1,"minecraft:string":30,"minecraft:elytra":1,"minecraft:wooden_sword":1,"minecraft:bone":1,"minecraft:activator_rail":6,"minecraft:gold_nugget":1,"minecraft:detector_rail":1,"minecraft:iron_ingot":6,"minecraft:beef":3,"minecraft:iron_pickaxe":1,"minecraft:glowstone_dust":30,"minecraft:sculk_catalyst":3,"minecraft:tipped_arrow":4,"minecraft:stick":1,"minecraft:crimson_pressure_plate":1,"minecraft:torch":40,"minecraft:spruce_fence":1,"minecraft:porkchop":4,"minecraft:ink_sac":4,"minecraft:spruce_log":3,"minecraft:redstone":4,"minecraft:rabbit_foot":2,"minecraft:rotten_flesh":24,"minecraft:pumpkin_seeds":2,"minecraft:arrow":5,"minecraft:netherite_helmet":1,"minecraft:scute":1,"minecraft:golden_apple":2,"minecraft:white_concrete":5,"minecraft:saddle":3,"minecraft:gold_ingot":2,"minecraft:totem_of_undying":23,"minecraft:netherite_chestplate":1,"minecraft:melon_seeds":7,"minecraft:rail":29,"minecraft:coal":6},"minecraft:killed":{"minecraft:pig":2,"minecraft:zombified_piglin":2,"minecraft:witch":5,"minecraft:endermite":1,"minecraft:strider":1,"minecraft:axolotl":1,"minecraft:warden":11,"minecraft:turtle":1,"minecraft:camel":1,"minecraft:cow":2},"minecraft:mined":{"minecraft:glass_pane":1,"minecraft:spruce_log":3},"minecraft:dropped":{"minecraft:ender_pearl":32,"minecraft:pig_spawn_egg":1,"minecraft:netherite_sword":1,"minecraft:netherite_chestplate":3,"minecraft:netherite_helmet":4,"minecraft:oak_fence":128,"minecraft:lead":1,"minecraft:scute":1,"minecraft:saddle":1,"minecraft:totem_of_undying":41,"minecraft:carrot_on_a_stick":1,"minecraft:rabbit_foot":1,"minecraft:netherite_leggings":3,"minecraft:stick":5,"minecraft:diamond_sword":11,"minecraft:netherite_boots":3},"minecraft:used":{"minecraft:oak_fence":133,"minecraft:netherite_sword":21,"minecraft:red_concrete":23,"minecraft:carrot_on_a_stick":9,"minecraft:oak_sign":3,"minecraft:sniffer_egg":8,"minecraft:dragon_egg":4,"minecraft:soul_sand":111,"minecraft:anvil":4,"minecraft:crafting_table":2,"minecraft:skeleton_horse_spawn_egg":1,"minecraft:lingering_potion":1264,"minecraft:spruce_fence":1,"minecraft:milk_bucket":1,"minecraft:ender_eye":11,"minecraft:wooden_axe":6,"minecraft:black_concrete":4,"minecraft:lava_bucket":34,"minecraft:villager_spawn_egg":7,"minecraft:command_block":1,"minecraft:pig_spawn_egg":9,"minecraft:diamond_sword":51,"minecraft:wooden_sword":24,"minecraft:turtle_helmet":1,"minecraft:white_concrete":94,"minecraft:splash_potion":1467,"minecraft:cobweb":68}},"DataVersion":3465}