{"stats":{"minecraft:custom":{"minecraft:time_since_rest":13872,"minecraft:crouch_one_cm":1630,"minecraft:sprint_one_cm":10354,"minecraft:play_time":13872,"minecraft:damage_taken":40,"minecraft:walk_one_cm":23226,"minecraft:sneak_time":767,"minecraft:walk_under_water_one_cm":394,"minecraft:jump":104,"minecraft:damage_dealt":45,"minecraft:leave_game":1,"minecraft:time_since_death":13872,"minecraft:walk_on_water_one_cm":154,"minecraft:total_world_time":13872,"minecraft:fly_one_cm":133142,"minecraft:fall_one_cm":659},"minecraft:used":{"minecraft:red_carpet":10,"minecraft:bow":2,"minecraft:spruce_door":1,"minecraft:flint_and_steel":2,"minecraft:spruce_wood":30,"minecraft:glass_pane":14,"minecraft:brush":1,"minecraft:stone":31,"minecraft:spruce_log":56,"minecraft:stripped_spruce_wood":9}},"DataVersion":3465}