{"stats":{"minecraft:dropped":{"minecraft:arrow":1,"minecraft:wooden_pickaxe":1,"minecraft:coal":1,"minecraft:bone":2},"minecraft:used":{"minecraft:cooked_mutton":1,"minecraft:stone_pickaxe":79,"minecraft:wooden_pickaxe":6,"minecraft:torch":51,"minecraft:oak_door":1,"minecraft:stone_axe":5,"minecraft:wooden_sword":15,"minecraft:cobblestone":35,"minecraft:crafting_table":3,"minecraft:cooked_porkchop":1,"minecraft:bucket":1},"minecraft:custom":{"minecraft:time_since_rest":11311,"minecraft:interact_with_furnace":7,"minecraft:sprint_one_cm":48967,"minecraft:damage_taken":1135,"minecraft:walk_one_cm":45253,"minecraft:mob_kills":1,"minecraft:drop":5,"minecraft:damage_dealt":671,"minecraft:swim_one_cm":21854,"minecraft:interact_with_crafting_table":11,"minecraft:fly_one_cm":54105,"minecraft:open_chest":14,"minecraft:crouch_one_cm":6553,"minecraft:play_time":24830,"minecraft:deaths":4,"minecraft:sneak_time":2324,"minecraft:walk_under_water_one_cm":3561,"minecraft:jump":314,"minecraft:leave_game":9,"minecraft:time_since_death":11278,"minecraft:walk_on_water_one_cm":4869,"minecraft:total_world_time":24830,"minecraft:fall_one_cm":16069},"minecraft:crafted":{"minecraft:wooden_sword":1,"minecraft:oak_door":3,"minecraft:oak_planks":28,"minecraft:crafting_table":2,"minecraft:spruce_planks":12,"minecraft:stick":16,"minecraft:iron_ingot":1,"minecraft:wooden_pickaxe":2,"minecraft:stone_pickaxe":1,"minecraft:iron_sword":1,"minecraft:bucket":1,"minecraft:air":0},"minecraft:killed_by":{"minecraft:skeleton":1,"minecraft:witch":1},"minecraft:killed":{"minecraft:skeleton":1},"minecraft:picked_up":{"minecraft:raw_iron":3,"minecraft:crafting_table":2,"minecraft:cooked_porkchop":1,"minecraft:oak_door":1,"minecraft:torch":65,"minecraft:wooden_pickaxe":1,"minecraft:oak_log":7,"minecraft:shield":1,"minecraft:spruce_log":3,"minecraft:dirt":2,"minecraft:cooked_mutton":1,"minecraft:arrow":1,"minecraft:bone":4,"minecraft:stone_axe":1,"minecraft:coal":1,"minecraft:cobblestone":77},"minecraft:mined":{"minecraft:oak_door":1,"minecraft:iron_ore":3,"minecraft:spruce_log":3,"minecraft:crafting_table":2,"minecraft:grass_block":1,"minecraft:coal_ore":1,"minecraft:oak_log":7,"minecraft:dirt":1,"minecraft:cobblestone":4,"minecraft:spruce_leaves":1,"minecraft:stone":74,"minecraft:fern":2}},"DataVersion":3465}