{"stats":{"minecraft:dropped":{"minecraft:cooked_beef":1,"minecraft:dripstone_block":1,"minecraft:cooked_porkchop":10,"minecraft:cobblestone":7,"minecraft:coal":1,"minecraft:stick":2,"minecraft:arrow":1,"minecraft:stone_pickaxe":2,"minecraft:wooden_pickaxe":1,"minecraft:bone":2},"minecraft:used":{"minecraft:cooked_mutton":1,"minecraft:water_bucket":9,"minecraft:stone_pickaxe":129,"minecraft:wooden_pickaxe":6,"minecraft:shield":1,"minecraft:iron_sword":15,"minecraft:oak_door":2,"minecraft:torch":71,"minecraft:mutton":1,"minecraft:crafting_table":5,"minecraft:stone_axe":32,"minecraft:wooden_sword":15,"minecraft:cobblestone":35,"minecraft:furnace":1,"minecraft:cooked_porkchop":8,"minecraft:andesite":1,"minecraft:bucket":10},"minecraft:custom":{"minecraft:interact_with_furnace":25,"minecraft:mob_kills":15,"minecraft:interact_with_crafting_table":17,"minecraft:leave_game":9,"minecraft:time_since_death":35278,"minecraft:time_since_rest":35311,"minecraft:sprint_one_cm":145349,"minecraft:damage_taken":1517,"minecraft:walk_one_cm":112406,"minecraft:damage_blocked_by_shield":35,"minecraft:drop":28,"minecraft:damage_dealt":2551,"minecraft:swim_one_cm":26418,"minecraft:fly_one_cm":144343,"minecraft:player_kills":1,"minecraft:open_chest":17,"minecraft:crouch_one_cm":7121,"minecraft:play_time":48830,"minecraft:deaths":4,"minecraft:sneak_time":2444,"minecraft:walk_under_water_one_cm":3821,"minecraft:jump":883,"minecraft:walk_on_water_one_cm":7469,"minecraft:total_world_time":48830,"minecraft:fall_one_cm":27105},"minecraft:crafted":{"minecraft:cooked_beef":1,"minecraft:wooden_sword":1,"minecraft:oak_door":3,"minecraft:oak_planks":56,"minecraft:cooked_porkchop":19,"minecraft:crafting_table":4,"minecraft:spruce_planks":12,"minecraft:wooden_pickaxe":2,"minecraft:iron_sword":1,"minecraft:furnace":1,"minecraft:bucket":1,"minecraft:air":0,"minecraft:stick":40,"minecraft:iron_ingot":4,"minecraft:iron_pickaxe":1,"minecraft:stone_pickaxe":1},"minecraft:killed_by":{"minecraft:skeleton":1,"minecraft:witch":1},"minecraft:killed":{"minecraft:pig":8,"minecraft:spider":1,"minecraft:skeleton":1,"minecraft:sheep":3,"minecraft:zombie":1,"minecraft:cow":1},"minecraft:picked_up":{"minecraft:crafting_table":2,"minecraft:andesite":1,"minecraft:wooden_pickaxe":1,"minecraft:oak_log":14,"minecraft:shield":1,"minecraft:dirt":2,"minecraft:cooked_mutton":1,"minecraft:bone":4,"minecraft:beef":3,"minecraft:stone_pickaxe":1,"minecraft:oak_planks":3,"minecraft:stick":3,"minecraft:raw_iron":30,"minecraft:oak_door":1,"minecraft:cooked_porkchop":5,"minecraft:torch":94,"minecraft:dripstone_block":1,"minecraft:porkchop":20,"minecraft:spruce_log":3,"minecraft:arrow":1,"minecraft:stone_axe":1,"minecraft:black_wool":2,"minecraft:mutton":3,"minecraft:coal":1,"minecraft:white_wool":1,"minecraft:cobblestone":96},"minecraft:mined":{"minecraft:oak_door":1,"minecraft:crafting_table":2,"minecraft:grass_block":1,"minecraft:cobblestone":4,"minecraft:spruce_leaves":1,"minecraft:oak_planks":3,"minecraft:iron_ore":31,"minecraft:fire":1,"minecraft:spruce_log":3,"minecraft:andesite":1,"minecraft:grass":5,"minecraft:oak_log":14,"minecraft:coal_ore":1,"minecraft:dripstone_block":1,"minecraft:dirt":1,"minecraft:stone":93,"minecraft:oak_leaves":2,"minecraft:fern":5}},"DataVersion":3465}