{"stats":{"minecraft:dropped":{"minecraft:cooked_beef":1,"minecraft:cooked_porkchop":10,"minecraft:coal":1,"minecraft:stick":2,"minecraft:arrow":1,"minecraft:wooden_pickaxe":1,"minecraft:bone":2},"minecraft:used":{"minecraft:cooked_mutton":1,"minecraft:water_bucket":1,"minecraft:stone_pickaxe":80,"minecraft:wooden_pickaxe":6,"minecraft:shield":1,"minecraft:iron_sword":8,"minecraft:oak_door":2,"minecraft:torch":71,"minecraft:mutton":1,"minecraft:crafting_table":3,"minecraft:stone_axe":22,"minecraft:wooden_sword":15,"minecraft:cobblestone":35,"minecraft:cooked_porkchop":4,"minecraft:bucket":2},"minecraft:custom":{"minecraft:interact_with_furnace":19,"minecraft:mob_kills":13,"minecraft:interact_with_crafting_table":11,"minecraft:leave_game":9,"minecraft:time_since_death":23278,"minecraft:time_since_rest":23311,"minecraft:sprint_one_cm":90571,"minecraft:damage_taken":1402,"minecraft:walk_one_cm":72992,"minecraft:damage_blocked_by_shield":35,"minecraft:drop":18,"minecraft:damage_dealt":2156,"minecraft:swim_one_cm":26306,"minecraft:fly_one_cm":89276,"minecraft:player_kills":1,"minecraft:open_chest":17,"minecraft:crouch_one_cm":6638,"minecraft:play_time":36830,"minecraft:deaths":4,"minecraft:sneak_time":2347,"minecraft:walk_under_water_one_cm":3580,"minecraft:jump":561,"minecraft:walk_on_water_one_cm":5972,"minecraft:total_world_time":36830,"minecraft:fall_one_cm":18997},"minecraft:crafted":{"minecraft:cooked_beef":1,"minecraft:wooden_sword":1,"minecraft:oak_door":3,"minecraft:oak_planks":28,"minecraft:cooked_porkchop":19,"minecraft:crafting_table":2,"minecraft:spruce_planks":12,"minecraft:wooden_pickaxe":2,"minecraft:iron_sword":1,"minecraft:bucket":1,"minecraft:air":0,"minecraft:stick":16,"minecraft:iron_ingot":1,"minecraft:stone_pickaxe":1},"minecraft:killed_by":{"minecraft:skeleton":1,"minecraft:witch":1},"minecraft:killed":{"minecraft:pig":8,"minecraft:skeleton":1,"minecraft:sheep":3,"minecraft:cow":1},"minecraft:picked_up":{"minecraft:crafting_table":2,"minecraft:wooden_pickaxe":1,"minecraft:oak_log":7,"minecraft:shield":1,"minecraft:dirt":2,"minecraft:cooked_mutton":1,"minecraft:bone":4,"minecraft:beef":3,"minecraft:stick":3,"minecraft:raw_iron":3,"minecraft:oak_door":1,"minecraft:cooked_porkchop":5,"minecraft:torch":89,"minecraft:porkchop":20,"minecraft:spruce_log":3,"minecraft:arrow":1,"minecraft:stone_axe":1,"minecraft:black_wool":2,"minecraft:mutton":3,"minecraft:coal":1,"minecraft:white_wool":1,"minecraft:cobblestone":77},"minecraft:mined":{"minecraft:oak_door":1,"minecraft:crafting_table":2,"minecraft:grass_block":1,"minecraft:cobblestone":4,"minecraft:spruce_leaves":1,"minecraft:iron_ore":3,"minecraft:fire":1,"minecraft:spruce_log":3,"minecraft:grass":1,"minecraft:oak_log":7,"minecraft:coal_ore":1,"minecraft:dirt":1,"minecraft:stone":74,"minecraft:oak_leaves":2,"minecraft:fern":2}},"DataVersion":3465}