{"stats":{"minecraft:crafted":{"minecraft:cooked_beef":1,"minecraft:oak_door":3,"minecraft:wooden_sword":1,"minecraft:oak_planks":56,"minecraft:cooked_porkchop":19,"minecraft:crafting_table":4,"minecraft:spruce_planks":12,"minecraft:wooden_pickaxe":2,"minecraft:cooked_chicken":3,"minecraft:iron_sword":1,"minecraft:furnace":1,"minecraft:bucket":1,"minecraft:cooked_mutton":4,"minecraft:air":0,"minecraft:flint_and_steel":1,"minecraft:paper":6,"minecraft:iron_chestplate":1,"minecraft:iron_boots":1,"minecraft:diamond_pickaxe":1,"minecraft:stick":44,"minecraft:iron_ingot":34,"minecraft:iron_pickaxe":1,"minecraft:stone_pickaxe":1,"minecraft:iron_leggings":1},"minecraft:killed":{"minecraft:pig":8,"minecraft:spider":3,"minecraft:skeleton":5,"minecraft:sheep":5,"minecraft:zombie":12,"minecraft:chicken":5,"minecraft:cow":1},"minecraft:picked_up":{"minecraft:crafting_table":3,"minecraft:azure_bluet":1,"minecraft:feather":7,"minecraft:chicken":4,"minecraft:andesite":13,"minecraft:wooden_pickaxe":1,"minecraft:oak_log":14,"minecraft:shield":1,"minecraft:dirt":13,"minecraft:cooked_mutton":1,"minecraft:bone":6,"minecraft:wheat_seeds":1,"minecraft:cobbled_deepslate":5,"minecraft:beef":3,"minecraft:stone_pickaxe":1,"minecraft:cooked_chicken":2,"minecraft:iron_pickaxe":1,"minecraft:poppy":1,"minecraft:sugar_cane":6,"minecraft:oak_planks":3,"minecraft:furnace":1,"minecraft:stick":3,"minecraft:raw_iron":38,"minecraft:oak_door":1,"minecraft:cooked_porkchop":5,"minecraft:sweet_berries":9,"minecraft:torch":95,"minecraft:dripstone_block":1,"minecraft:gravel":6,"minecraft:porkchop":20,"minecraft:spruce_log":3,"minecraft:arrow":5,"minecraft:rotten_flesh":8,"minecraft:diamond":3,"minecraft:stone_axe":1,"minecraft:granite":7,"minecraft:obsidian":10,"minecraft:black_wool":2,"minecraft:mutton":6,"minecraft:coal":3,"minecraft:white_wool":3,"minecraft:cobblestone":386},"minecraft:mined":{"minecraft:deepslate_diamond_ore":3,"minecraft:oak_door":1,"minecraft:obsidian":10,"minecraft:crafting_table":3,"minecraft:granite":7,"minecraft:grass_block":2,"minecraft:poppy":1,"minecraft:cobblestone":22,"minecraft:spruce_leaves":1,"minecraft:sugar_cane":2,"minecraft:oak_planks":3,"minecraft:wall_torch":1,"minecraft:large_fern":4,"minecraft:furnace":1,"minecraft:iron_ore":39,"minecraft:fire":7,"minecraft:sweet_berry_bush":4,"minecraft:spruce_log":3,"minecraft:andesite":13,"minecraft:azure_bluet":2,"minecraft:grass":11,"minecraft:coal_ore":5,"minecraft:oak_log":14,"minecraft:gravel":4,"minecraft:dripstone_block":1,"minecraft:dirt":10,"minecraft:stone":373,"minecraft:oak_leaves":2,"minecraft:deepslate":5,"minecraft:fern":7},"minecraft:custom":{"minecraft:interact_with_furnace":54,"minecraft:mob_kills":40,"minecraft:interact_with_crafting_table":26,"minecraft:leave_game":10,"minecraft:time_since_death":90194,"minecraft:time_since_rest":90227,"minecraft:sprint_one_cm":347694,"minecraft:damage_taken":2213,"minecraft:walk_one_cm":259435,"minecraft:damage_blocked_by_shield":195,"minecraft:drop":73,"minecraft:damage_dealt":6487,"minecraft:swim_one_cm":37033,"minecraft:fly_one_cm":353908,"minecraft:player_kills":1,"minecraft:open_chest":35,"minecraft:crouch_one_cm":15486,"minecraft:play_time":103746,"minecraft:deaths":4,"minecraft:sneak_time":6642,"minecraft:walk_under_water_one_cm":17720,"minecraft:jump":2257,"minecraft:walk_on_water_one_cm":31464,"minecraft:total_world_time":103746,"minecraft:fall_one_cm":60602},"minecraft:used":{"minecraft:cooked_mutton":2,"minecraft:water_bucket":39,"minecraft:flint_and_steel":7,"minecraft:stone_pickaxe":129,"minecraft:shield":7,"minecraft:wooden_pickaxe":6,"minecraft:iron_sword":102,"minecraft:cooked_chicken":5,"minecraft:iron_chestplate":1,"minecraft:oak_door":2,"minecraft:torch":72,"minecraft:dirt":1,"minecraft:mutton":1,"minecraft:crafting_table":5,"minecraft:azure_bluet":1,"minecraft:obsidian":2,"minecraft:diamond_pickaxe":150,"minecraft:lava_bucket":9,"minecraft:iron_pickaxe":205,"minecraft:chicken":2,"minecraft:iron_boots":1,"minecraft:stone_axe":33,"minecraft:wooden_sword":15,"minecraft:cobblestone":123,"minecraft:furnace":1,"minecraft:cooked_porkchop":14,"minecraft:bucket":50,"minecraft:andesite":1,"minecraft:cooked_beef":2,"minecraft:iron_leggings":1},"minecraft:dropped":{"minecraft:gravel":6,"minecraft:sweet_berries":9,"minecraft:wheat_seeds":1,"minecraft:cooked_beef":3,"minecraft:cobbled_deepslate":5,"minecraft:dripstone_block":1,"minecraft:cooked_porkchop":10,"minecraft:obsidian":4,"minecraft:rotten_flesh":8,"minecraft:feather":7,"minecraft:cobblestone":135,"minecraft:oak_planks":11,"minecraft:granite":7,"minecraft:coal":1,"minecraft:stick":2,"minecraft:poppy":1,"minecraft:dirt":33,"minecraft:andesite":12,"minecraft:wooden_pickaxe":1,"minecraft:arrow":5,"minecraft:stone_pickaxe":2,"minecraft:bone":4},"minecraft:killed_by":{"minecraft:skeleton":1,"minecraft:witch":1}},"DataVersion":3465}