{"stats":{"minecraft:custom":{"minecraft:time_since_rest":25872,"minecraft:crouch_one_cm":2388,"minecraft:sprint_one_cm":23651,"minecraft:play_time":25872,"minecraft:damage_taken":40,"minecraft:walk_one_cm":54280,"minecraft:sneak_time":1146,"minecraft:walk_under_water_one_cm":1319,"minecraft:jump":166,"minecraft:minecart_one_cm":33284,"minecraft:damage_dealt":45,"minecraft:leave_game":1,"minecraft:time_since_death":25872,"minecraft:walk_on_water_one_cm":154,"minecraft:total_world_time":25872,"minecraft:fly_one_cm":230043,"minecraft:fall_one_cm":659},"minecraft:picked_up":{"minecraft:lever":2},"minecraft:used":{"minecraft:redstone_torch":5,"minecraft:sticky_piston":1,"minecraft:lever":4,"minecraft:repeater":3,"minecraft:red_carpet":10,"minecraft:firework_rocket":53,"minecraft:rail":57,"minecraft:bow":2,"minecraft:spruce_door":1,"minecraft:flint_and_steel":2,"minecraft:spruce_wood":30,"minecraft:red_concrete":27,"minecraft:redstone":2,"minecraft:powered_rail":6,"minecraft:slime_block":1,"minecraft:minecart":4,"minecraft:lectern":1,"minecraft:glass_pane":14,"minecraft:ender_pearl":14,"minecraft:tinted_glass":5,"minecraft:brush":1,"minecraft:white_concrete":3,"minecraft:stone":32,"minecraft:spruce_log":56,"minecraft:stripped_spruce_wood":9}},"DataVersion":3465}