{"stats":{"minecraft:custom":{"minecraft:time_since_rest":4913,"minecraft:sprint_one_cm":72303,"minecraft:damage_taken":7915,"minecraft:walk_one_cm":122433,"minecraft:mob_kills":11,"minecraft:interact_with_anvil":3,"minecraft:drop":10,"minecraft:minecart_one_cm":33284,"minecraft:damage_dealt":1484,"minecraft:talked_to_villager":27,"minecraft:fly_one_cm":508251,"minecraft:player_kills":5,"minecraft:crouch_one_cm":5184,"minecraft:play_time":61872,"minecraft:deaths":1,"minecraft:sneak_time":3598,"minecraft:walk_under_water_one_cm":1319,"minecraft:aviate_one_cm":222057,"minecraft:jump":349,"minecraft:leave_game":1,"minecraft:walk_on_water_one_cm":713,"minecraft:time_since_death":4889,"minecraft:total_world_time":61872,"minecraft:fall_one_cm":1586},"minecraft:killed_by":{"minecraft:player":1},"minecraft:picked_up":{"minecraft:stick":3,"minecraft:barrier":1,"minecraft:turtle_helmet":1,"minecraft:lead":2,"minecraft:string":28,"minecraft:rabbit_foot":1,"minecraft:rotten_flesh":7,"minecraft:arrow":4,"minecraft:bone":9,"minecraft:red_carpet":1,"minecraft:lever":2,"minecraft:white_concrete":2,"minecraft:totem_of_undying":8,"minecraft:rabbit":2,"minecraft:glowstone_dust":30,"minecraft:wooden_axe":1},"minecraft:killed":{"minecraft:bat":1,"minecraft:rabbit":2,"minecraft:turtle":2,"minecraft:dolphin":1,"minecraft:strider":4,"minecraft:villager":1},"minecraft:dropped":{"minecraft:water_bucket":1,"minecraft:turtle_helmet":2,"minecraft:lead":5,"minecraft:axolotl_bucket":1,"minecraft:bone":1},"minecraft:used":{"minecraft:warden_spawn_egg":5,"minecraft:redstone_torch":5,"minecraft:oak_fence":1,"minecraft:sticky_piston":1,"minecraft:netherite_sword":11,"minecraft:lever":4,"minecraft:black_wool":6,"minecraft:firework_rocket":175,"minecraft:villager_spawn_egg":1,"minecraft:spruce_door":1,"minecraft:flint_and_steel":2,"minecraft:spruce_wood":30,"minecraft:barrier":35,"minecraft:red_concrete":29,"minecraft:lead":1,"minecraft:powered_rail":6,"minecraft:redstone":2,"minecraft:slime_block":1,"minecraft:elytra":2,"minecraft:netherite_axe":4,"minecraft:ender_pearl":14,"minecraft:lectern":1,"minecraft:tinted_glass":5,"minecraft:stone":32,"minecraft:mangrove_fence":6,"minecraft:bedrock":336,"minecraft:red_carpet":10,"minecraft:repeater":3,"minecraft:rail":57,"minecraft:anvil":2,"minecraft:bow":42,"minecraft:minecart":4,"minecraft:glass_pane":14,"minecraft:white_bed":1,"minecraft:brush":1,"minecraft:white_concrete":30,"minecraft:spruce_log":56,"minecraft:stripped_spruce_wood":9,"minecraft:birch_stairs":2}},"DataVersion":3465}