{"stats":{"minecraft:custom":{"minecraft:interact_with_anvil":3,"minecraft:mob_kills":12,"minecraft:leave_game":1,"minecraft:time_since_death":16889,"minecraft:time_since_rest":16913,"minecraft:sprint_one_cm":75269,"minecraft:damage_taken":7915,"minecraft:walk_one_cm":130939,"minecraft:drop":11,"minecraft:minecart_one_cm":33284,"minecraft:damage_dealt":1577,"minecraft:talked_to_villager":27,"minecraft:player_kills":5,"minecraft:fly_one_cm":525862,"minecraft:pig_one_cm":19932,"minecraft:crouch_one_cm":5609,"minecraft:play_time":73872,"minecraft:deaths":1,"minecraft:sneak_time":3789,"minecraft:walk_under_water_one_cm":1319,"minecraft:boat_one_cm":85640,"minecraft:aviate_one_cm":222057,"minecraft:jump":369,"minecraft:walk_on_water_one_cm":713,"minecraft:total_world_time":73872,"minecraft:fall_one_cm":1586},"minecraft:killed_by":{"minecraft:player":1},"minecraft:picked_up":{"minecraft:wooden_axe":1,"minecraft:barrier":1,"minecraft:turtle_helmet":1,"minecraft:lead":2,"minecraft:string":28,"minecraft:red_carpet":1,"minecraft:bone":9,"minecraft:cherry_boat":1,"minecraft:rabbit":2,"minecraft:glowstone_dust":30,"minecraft:stick":4,"minecraft:rabbit_foot":1,"minecraft:arrow":4,"minecraft:rotten_flesh":7,"minecraft:lever":2,"minecraft:white_concrete":2,"minecraft:saddle":1,"minecraft:totem_of_undying":8},"minecraft:killed":{"minecraft:pig":1,"minecraft:rabbit":2,"minecraft:bat":1,"minecraft:dolphin":1,"minecraft:strider":4,"minecraft:turtle":2,"minecraft:villager":1},"minecraft:dropped":{"minecraft:water_bucket":1,"minecraft:lead":5,"minecraft:spruce_fence":1,"minecraft:turtle_helmet":2,"minecraft:axolotl_bucket":1,"minecraft:bone":1},"minecraft:used":{"minecraft:cherry_boat":1,"minecraft:oak_fence":1,"minecraft:netherite_sword":11,"minecraft:spruce_door":1,"minecraft:flint_and_steel":2,"minecraft:red_concrete":34,"minecraft:lead":1,"minecraft:redstone":2,"minecraft:powered_rail":6,"minecraft:carrot_on_a_stick":14,"minecraft:elytra":2,"minecraft:ender_pearl":14,"minecraft:tinted_glass":5,"minecraft:stone":32,"minecraft:mangrove_fence":6,"minecraft:anvil":2,"minecraft:rail":57,"minecraft:white_bed":1,"minecraft:spruce_fence":11,"minecraft:spruce_log":56,"minecraft:warden_spawn_egg":5,"minecraft:redstone_torch":5,"minecraft:sticky_piston":1,"minecraft:lever":4,"minecraft:black_wool":6,"minecraft:black_concrete":2,"minecraft:firework_rocket":175,"minecraft:villager_spawn_egg":1,"minecraft:spruce_wood":30,"minecraft:slime_block":1,"minecraft:barrier":35,"minecraft:pig_spawn_egg":3,"minecraft:netherite_axe":4,"minecraft:lectern":1,"minecraft:bedrock":336,"minecraft:repeater":3,"minecraft:red_carpet":10,"minecraft:bow":42,"minecraft:minecart":4,"minecraft:glass_pane":14,"minecraft:brush":1,"minecraft:white_concrete":44,"minecraft:stripped_spruce_wood":9,"minecraft:birch_stairs":2}},"DataVersion":3465}