{"stats":{"minecraft:dropped":{"minecraft:cooked_beef":1,"minecraft:dripstone_block":1,"minecraft:cooked_porkchop":10,"minecraft:rotten_flesh":4,"minecraft:cobblestone":7,"minecraft:coal":1,"minecraft:stick":2,"minecraft:arrow":4,"minecraft:stone_pickaxe":2,"minecraft:wooden_pickaxe":1,"minecraft:bone":3},"minecraft:used":{"minecraft:cooked_mutton":1,"minecraft:water_bucket":12,"minecraft:stone_pickaxe":129,"minecraft:wooden_pickaxe":6,"minecraft:shield":6,"minecraft:iron_sword":55,"minecraft:iron_chestplate":1,"minecraft:oak_door":2,"minecraft:torch":71,"minecraft:mutton":1,"minecraft:crafting_table":5,"minecraft:iron_pickaxe":75,"minecraft:iron_boots":1,"minecraft:stone_axe":33,"minecraft:wooden_sword":15,"minecraft:cobblestone":35,"minecraft:furnace":1,"minecraft:cooked_porkchop":13,"minecraft:andesite":1,"minecraft:bucket":14,"minecraft:iron_leggings":1},"minecraft:custom":{"minecraft:interact_with_furnace":32,"minecraft:mob_kills":26,"minecraft:interact_with_crafting_table":22,"minecraft:leave_game":9,"minecraft:time_since_death":47278,"minecraft:time_since_rest":47311,"minecraft:sprint_one_cm":190270,"minecraft:damage_taken":1860,"minecraft:walk_one_cm":139774,"minecraft:damage_blocked_by_shield":170,"minecraft:drop":36,"minecraft:damage_dealt":4738,"minecraft:swim_one_cm":34505,"minecraft:fly_one_cm":219889,"minecraft:player_kills":1,"minecraft:open_chest":17,"minecraft:crouch_one_cm":7758,"minecraft:play_time":60830,"minecraft:deaths":4,"minecraft:sneak_time":3303,"minecraft:walk_under_water_one_cm":10416,"minecraft:jump":1322,"minecraft:walk_on_water_one_cm":13556,"minecraft:total_world_time":60830,"minecraft:fall_one_cm":41110},"minecraft:crafted":{"minecraft:cooked_beef":1,"minecraft:wooden_sword":1,"minecraft:oak_door":3,"minecraft:oak_planks":56,"minecraft:cooked_porkchop":19,"minecraft:crafting_table":4,"minecraft:spruce_planks":12,"minecraft:wooden_pickaxe":2,"minecraft:iron_sword":1,"minecraft:furnace":1,"minecraft:bucket":1,"minecraft:air":0,"minecraft:iron_chestplate":1,"minecraft:iron_boots":1,"minecraft:stick":40,"minecraft:iron_ingot":28,"minecraft:iron_pickaxe":1,"minecraft:stone_pickaxe":1,"minecraft:iron_leggings":1},"minecraft:killed_by":{"minecraft:skeleton":1,"minecraft:witch":1},"minecraft:killed":{"minecraft:pig":8,"minecraft:spider":2,"minecraft:skeleton":4,"minecraft:sheep":3,"minecraft:zombie":7,"minecraft:cow":1},"minecraft:picked_up":{"minecraft:crafting_table":3,"minecraft:andesite":1,"minecraft:wooden_pickaxe":1,"minecraft:oak_log":14,"minecraft:shield":1,"minecraft:dirt":3,"minecraft:cooked_mutton":1,"minecraft:bone":5,"minecraft:cobbled_deepslate":5,"minecraft:beef":3,"minecraft:stone_pickaxe":1,"minecraft:oak_planks":3,"minecraft:furnace":1,"minecraft:stick":3,"minecraft:raw_iron":30,"minecraft:oak_door":1,"minecraft:cooked_porkchop":5,"minecraft:torch":94,"minecraft:dripstone_block":1,"minecraft:porkchop":20,"minecraft:spruce_log":3,"minecraft:arrow":4,"minecraft:rotten_flesh":4,"minecraft:diamond":3,"minecraft:stone_axe":1,"minecraft:granite":7,"minecraft:black_wool":2,"minecraft:mutton":3,"minecraft:coal":1,"minecraft:white_wool":1,"minecraft:cobblestone":155},"minecraft:mined":{"minecraft:deepslate_diamond_ore":3,"minecraft:oak_door":1,"minecraft:crafting_table":3,"minecraft:granite":7,"minecraft:grass_block":1,"minecraft:cobblestone":4,"minecraft:spruce_leaves":1,"minecraft:oak_planks":3,"minecraft:furnace":1,"minecraft:iron_ore":31,"minecraft:fire":1,"minecraft:spruce_log":3,"minecraft:andesite":1,"minecraft:grass":5,"minecraft:oak_log":14,"minecraft:coal_ore":1,"minecraft:dripstone_block":1,"minecraft:dirt":2,"minecraft:stone":152,"minecraft:deepslate":5,"minecraft:oak_leaves":2,"minecraft:fern":5}},"DataVersion":3465}