{"stats":{"minecraft:crafted":{"minecraft:wooden_sword":1,"minecraft:oak_door":3,"minecraft:oak_planks":68,"minecraft:cooked_chicken":3,"minecraft:furnace":1,"minecraft:cooked_mutton":4,"minecraft:flint_and_steel":1,"minecraft:iron_boots":1,"minecraft:stone_pickaxe":1,"minecraft:cooked_beef":1,"minecraft:wooden_shovel":1,"minecraft:cooked_porkchop":19,"minecraft:crafting_table":5,"minecraft:spruce_planks":16,"minecraft:wooden_pickaxe":3,"minecraft:iron_sword":1,"minecraft:bucket":1,"minecraft:air":0,"minecraft:iron_chestplate":1,"minecraft:paper":6,"minecraft:diamond_pickaxe":1,"minecraft:stick":48,"minecraft:iron_ingot":34,"minecraft:iron_pickaxe":1,"minecraft:iron_leggings":1},"minecraft:killed":{"minecraft:spider":3,"minecraft:skeleton":15,"minecraft:chicken":5,"minecraft:pig":10,"minecraft:zombie_villager":1,"minecraft:sheep":8,"minecraft:zombie":20,"minecraft:cow":3},"minecraft:picked_up":{"minecraft:wheat":5,"minecraft:iron_chestplate":1,"minecraft:crafting_table":3,"minecraft:azure_bluet":1,"minecraft:chicken":4,"minecraft:wooden_pickaxe":1,"minecraft:shield":2,"minecraft:iron_axe":2,"minecraft:iron_leggings":1,"minecraft:flint_and_steel":1,"minecraft:cobbled_deepslate":20,"minecraft:beef":7,"minecraft:calcite":3,"minecraft:poppy":1,"minecraft:iron_pickaxe":3,"minecraft:sugar_cane":6,"minecraft:iron_boots":1,"minecraft:furnace":1,"minecraft:raw_iron":38,"minecraft:stick":3,"minecraft:oak_door":1,"minecraft:torch":117,"minecraft:porkchop":20,"minecraft:pointed_dripstone":22,"minecraft:carrot":1,"minecraft:arrow":8,"minecraft:rotten_flesh":10,"minecraft:mutton":9,"minecraft:obsidian":10,"minecraft:white_wool":4,"minecraft:cobblestone":469,"minecraft:feather":7,"minecraft:cooked_beef":1,"minecraft:water_bucket":1,"minecraft:andesite":20,"minecraft:leather":3,"minecraft:potato":3,"minecraft:oak_log":17,"minecraft:dirt":37,"minecraft:cooked_mutton":4,"minecraft:bone":10,"minecraft:apple":1,"minecraft:wheat_seeds":18,"minecraft:stone_pickaxe":1,"minecraft:cooked_chicken":2,"minecraft:iron_sword":1,"minecraft:oak_planks":3,"minecraft:smooth_basalt":2,"minecraft:cooked_porkchop":13,"minecraft:sweet_berries":9,"minecraft:gravel":6,"minecraft:dripstone_block":1,"minecraft:amethyst_shard":8,"minecraft:spruce_log":4,"minecraft:diamond":10,"minecraft:stone_axe":1,"minecraft:granite":9,"minecraft:black_wool":2,"minecraft:coal":28,"minecraft:diamond_pickaxe":1},"minecraft:used":{"minecraft:flint_and_steel":21,"minecraft:shield":26,"minecraft:iron_sword":190,"minecraft:wooden_shovel":5,"minecraft:cooked_chicken":5,"minecraft:iron_chestplate":1,"minecraft:oak_door":2,"minecraft:torch":72,"minecraft:dirt":19,"minecraft:mutton":4,"minecraft:azure_bluet":1,"minecraft:obsidian":2,"minecraft:lava_bucket":9,"minecraft:iron_axe":7,"minecraft:iron_boots":1,"minecraft:smooth_basalt":2,"minecraft:beef":4,"minecraft:furnace":1,"minecraft:cooked_beef":2,"minecraft:cobbled_deepslate":12,"minecraft:iron_leggings":1,"minecraft:calcite":2,"minecraft:wheat_seeds":9,"minecraft:cooked_mutton":4,"minecraft:water_bucket":72,"minecraft:stone_pickaxe":129,"minecraft:wooden_pickaxe":11,"minecraft:crafting_table":6,"minecraft:diamond_pickaxe":281,"minecraft:apple":1,"minecraft:chicken":2,"minecraft:iron_pickaxe":205,"minecraft:stone_axe":33,"minecraft:wooden_sword":15,"minecraft:cobblestone":196,"minecraft:cooked_porkchop":26,"minecraft:andesite":1,"minecraft:bucket":83},"minecraft:custom":{"minecraft:mob_kills":67,"minecraft:interact_with_crafting_table":28,"minecraft:leave_game":11,"minecraft:time_since_death":25699,"minecraft:sprint_one_cm":634482,"minecraft:walk_one_cm":407171,"minecraft:damage_blocked_by_shield":700,"minecraft:drop":117,"minecraft:talked_to_villager":1,"minecraft:play_time":162247,"minecraft:deaths":5,"minecraft:sneak_time":7854,"minecraft:walk_under_water_one_cm":35063,"minecraft:jump":4311,"minecraft:walk_on_water_one_cm":47558,"minecraft:total_world_time":162247,"minecraft:interact_with_furnace":54,"minecraft:time_since_rest":25728,"minecraft:damage_taken":3185,"minecraft:damage_dealt":11105,"minecraft:swim_one_cm":98014,"minecraft:player_kills":1,"minecraft:fly_one_cm":713660,"minecraft:open_chest":40,"minecraft:crouch_one_cm":19383,"minecraft:fall_one_cm":116729},"minecraft:mined":{"minecraft:large_amethyst_bud":4,"minecraft:deepslate_diamond_ore":7,"minecraft:oak_door":1,"minecraft:obsidian":10,"minecraft:granite":9,"minecraft:grass_block":16,"minecraft:spruce_leaves":2,"minecraft:large_fern":6,"minecraft:furnace":1,"minecraft:iron_ore":39,"minecraft:fire":14,"minecraft:andesite":20,"minecraft:azure_bluet":2,"minecraft:sculk_shrieker":1,"minecraft:potatoes":3,"minecraft:pointed_dripstone":9,"minecraft:stone":455,"minecraft:medium_amethyst_bud":1,"minecraft:amethyst_cluster":1,"minecraft:crafting_table":3,"minecraft:calcite":3,"minecraft:poppy":1,"minecraft:cobblestone":22,"minecraft:oak_planks":3,"minecraft:sugar_cane":2,"minecraft:wall_torch":1,"minecraft:amethyst_block":1,"minecraft:wheat":6,"minecraft:sweet_berry_bush":4,"minecraft:spruce_log":4,"minecraft:birch_leaves":2,"minecraft:grass":18,"minecraft:oak_log":17,"minecraft:coal_ore":8,"minecraft:dirt":20,"minecraft:dripstone_block":1,"minecraft:gravel":4,"minecraft:smooth_basalt":2,"minecraft:oak_leaves":4,"minecraft:deepslate":17,"minecraft:fern":8},"minecraft:dropped":{"minecraft:wheat_seeds":1,"minecraft:cooked_beef":4,"minecraft:dripstone_block":1,"minecraft:cooked_porkchop":10,"minecraft:feather":7,"minecraft:cobblestone":151,"minecraft:leather":1,"minecraft:granite":7,"minecraft:coal":23,"minecraft:stick":2,"minecraft:dirt":39,"minecraft:torch":22,"minecraft:iron_axe":1,"minecraft:iron_pickaxe":3,"minecraft:bone":8,"minecraft:gravel":6,"minecraft:sweet_berries":9,"minecraft:cobbled_deepslate":5,"minecraft:obsidian":4,"minecraft:rotten_flesh":10,"minecraft:oak_planks":11,"minecraft:cooked_mutton":1,"minecraft:carrot":1,"minecraft:poppy":1,"minecraft:andesite":12,"minecraft:wooden_shovel":1,"minecraft:arrow":8,"minecraft:stone_pickaxe":2,"minecraft:wooden_pickaxe":2,"minecraft:calcite":1},"minecraft:killed_by":{"minecraft:skeleton":1,"minecraft:witch":1}},"DataVersion":3465}