{"stats":{"minecraft:dropped":{"minecraft:gravel":1,"minecraft:sweet_berries":9,"minecraft:wheat_seeds":1,"minecraft:cooked_beef":1,"minecraft:cobbled_deepslate":5,"minecraft:dripstone_block":1,"minecraft:cooked_porkchop":10,"minecraft:feather":7,"minecraft:rotten_flesh":8,"minecraft:cobblestone":71,"minecraft:oak_planks":11,"minecraft:granite":7,"minecraft:coal":1,"minecraft:stick":2,"minecraft:dirt":32,"minecraft:andesite":12,"minecraft:arrow":5,"minecraft:stone_pickaxe":2,"minecraft:wooden_pickaxe":1,"minecraft:bone":4},"minecraft:used":{"minecraft:cooked_mutton":2,"minecraft:water_bucket":29,"minecraft:flint_and_steel":6,"minecraft:stone_pickaxe":129,"minecraft:wooden_pickaxe":6,"minecraft:shield":7,"minecraft:iron_sword":102,"minecraft:cooked_chicken":5,"minecraft:iron_chestplate":1,"minecraft:oak_door":2,"minecraft:torch":71,"minecraft:dirt":1,"minecraft:mutton":1,"minecraft:crafting_table":5,"minecraft:azure_bluet":1,"minecraft:diamond_pickaxe":8,"minecraft:chicken":2,"minecraft:iron_pickaxe":201,"minecraft:iron_boots":1,"minecraft:stone_axe":33,"minecraft:wooden_sword":15,"minecraft:cobblestone":90,"minecraft:furnace":1,"minecraft:cooked_porkchop":14,"minecraft:andesite":1,"minecraft:bucket":31,"minecraft:iron_leggings":1},"minecraft:custom":{"minecraft:interact_with_furnace":49,"minecraft:mob_kills":40,"minecraft:interact_with_crafting_table":26,"minecraft:leave_game":9,"minecraft:time_since_death":71278,"minecraft:time_since_rest":71311,"minecraft:sprint_one_cm":314481,"minecraft:damage_taken":2077,"minecraft:walk_one_cm":206052,"minecraft:damage_blocked_by_shield":195,"minecraft:drop":67,"minecraft:damage_dealt":6487,"minecraft:swim_one_cm":37033,"minecraft:fly_one_cm":335413,"minecraft:player_kills":1,"minecraft:open_chest":29,"minecraft:crouch_one_cm":10947,"minecraft:play_time":84830,"minecraft:deaths":4,"minecraft:sneak_time":5058,"minecraft:walk_under_water_one_cm":16146,"minecraft:jump":2095,"minecraft:walk_on_water_one_cm":15803,"minecraft:total_world_time":84830,"minecraft:fall_one_cm":57811},"minecraft:crafted":{"minecraft:cooked_beef":1,"minecraft:wooden_sword":1,"minecraft:oak_door":3,"minecraft:oak_planks":56,"minecraft:cooked_porkchop":19,"minecraft:crafting_table":4,"minecraft:spruce_planks":12,"minecraft:wooden_pickaxe":2,"minecraft:cooked_chicken":3,"minecraft:iron_sword":1,"minecraft:furnace":1,"minecraft:bucket":1,"minecraft:cooked_mutton":1,"minecraft:air":0,"minecraft:flint_and_steel":1,"minecraft:paper":6,"minecraft:iron_chestplate":1,"minecraft:iron_boots":1,"minecraft:diamond_pickaxe":1,"minecraft:stick":44,"minecraft:iron_ingot":34,"minecraft:iron_pickaxe":1,"minecraft:stone_pickaxe":1,"minecraft:iron_leggings":1},"minecraft:killed_by":{"minecraft:skeleton":1,"minecraft:witch":1},"minecraft:killed":{"minecraft:pig":8,"minecraft:spider":3,"minecraft:skeleton":5,"minecraft:sheep":5,"minecraft:zombie":12,"minecraft:chicken":5,"minecraft:cow":1},"minecraft:picked_up":{"minecraft:azure_bluet":1,"minecraft:feather":7,"minecraft:crafting_table":3,"minecraft:chicken":4,"minecraft:andesite":13,"minecraft:wooden_pickaxe":1,"minecraft:oak_log":14,"minecraft:shield":1,"minecraft:dirt":12,"minecraft:cooked_mutton":1,"minecraft:bone":6,"minecraft:wheat_seeds":1,"minecraft:cobbled_deepslate":5,"minecraft:beef":3,"minecraft:stone_pickaxe":1,"minecraft:cooked_chicken":2,"minecraft:poppy":1,"minecraft:sugar_cane":6,"minecraft:oak_planks":3,"minecraft:furnace":1,"minecraft:stick":3,"minecraft:raw_iron":30,"minecraft:oak_door":1,"minecraft:cooked_porkchop":5,"minecraft:sweet_berries":9,"minecraft:torch":94,"minecraft:gravel":1,"minecraft:dripstone_block":1,"minecraft:porkchop":20,"minecraft:spruce_log":3,"minecraft:arrow":5,"minecraft:rotten_flesh":8,"minecraft:diamond":3,"minecraft:stone_axe":1,"minecraft:granite":7,"minecraft:black_wool":2,"minecraft:mutton":6,"minecraft:coal":3,"minecraft:white_wool":3,"minecraft:cobblestone":269},"minecraft:mined":{"minecraft:deepslate_diamond_ore":3,"minecraft:oak_door":1,"minecraft:crafting_table":3,"minecraft:granite":7,"minecraft:grass_block":2,"minecraft:poppy":1,"minecraft:cobblestone":4,"minecraft:spruce_leaves":1,"minecraft:sugar_cane":2,"minecraft:oak_planks":3,"minecraft:large_fern":4,"minecraft:furnace":1,"minecraft:sweet_berry_bush":4,"minecraft:iron_ore":31,"minecraft:fire":7,"minecraft:spruce_log":3,"minecraft:andesite":13,"minecraft:azure_bluet":2,"minecraft:grass":11,"minecraft:oak_log":14,"minecraft:coal_ore":4,"minecraft:gravel":1,"minecraft:dripstone_block":1,"minecraft:dirt":10,"minecraft:stone":268,"minecraft:deepslate":5,"minecraft:oak_leaves":2,"minecraft:fern":7}},"DataVersion":3465}