{"stats":{"minecraft:dropped":{"minecraft:arrow":1,"minecraft:bone":2},"minecraft:used":{"minecraft:wooden_sword":15,"minecraft:cobblestone":4,"minecraft:crafting_table":1,"minecraft:wooden_pickaxe":3},"minecraft:custom":{"minecraft:time_since_rest":2379,"minecraft:damage_taken":735,"minecraft:crouch_one_cm":1038,"minecraft:walk_one_cm":13519,"minecraft:play_time":12830,"minecraft:sprint_one_cm":20091,"minecraft:deaths":3,"minecraft:sneak_time":521,"minecraft:mob_kills":1,"minecraft:drop":3,"minecraft:jump":154,"minecraft:damage_dealt":645,"minecraft:leave_game":9,"minecraft:walk_on_water_one_cm":1078,"minecraft:time_since_death":2352,"minecraft:total_world_time":12830,"minecraft:interact_with_crafting_table":4,"minecraft:fall_one_cm":7171,"minecraft:fly_one_cm":29935},"minecraft:crafted":{"minecraft:wooden_sword":1,"minecraft:oak_planks":12,"minecraft:crafting_table":1,"minecraft:stick":4,"minecraft:wooden_pickaxe":1},"minecraft:killed_by":{"minecraft:skeleton":1,"minecraft:witch":1},"minecraft:killed":{"minecraft:skeleton":1},"minecraft:picked_up":{"minecraft:crafting_table":1,"minecraft:bone":4,"minecraft:arrow":1,"minecraft:oak_log":3,"minecraft:cobblestone":4},"minecraft:mined":{"minecraft:oak_log":3,"minecraft:fern":1,"minecraft:crafting_table":1}},"DataVersion":3465}