{"stats":{"minecraft:custom":{"minecraft:interact_with_anvil":3,"minecraft:mob_kills":30,"minecraft:leave_game":1,"minecraft:time_since_death":45618,"minecraft:damage_resisted":137,"minecraft:time_since_rest":45642,"minecraft:damage_absorbed":11891,"minecraft:sprint_one_cm":163380,"minecraft:damage_taken":19036,"minecraft:walk_one_cm":336373,"minecraft:drop":30,"minecraft:minecart_one_cm":33284,"minecraft:damage_dealt":47805,"minecraft:damage_dealt_absorbed":32,"minecraft:talked_to_villager":27,"minecraft:player_kills":31,"minecraft:fly_one_cm":1210143,"minecraft:pig_one_cm":19932,"minecraft:crouch_one_cm":16313,"minecraft:play_time":181872,"minecraft:deaths":8,"minecraft:sneak_time":8828,"minecraft:walk_under_water_one_cm":13956,"minecraft:boat_one_cm":85640,"minecraft:aviate_one_cm":1058532,"minecraft:jump":1043,"minecraft:walk_on_water_one_cm":2030,"minecraft:total_world_time":181872,"minecraft:inspect_dispenser":12,"minecraft:fall_one_cm":4331},"minecraft:killed_by":{"minecraft:player":8},"minecraft:picked_up":{"minecraft:wooden_axe":1,"minecraft:lingering_potion":8,"minecraft:netherite_boots":1,"minecraft:barrier":1,"minecraft:splash_potion":18,"minecraft:filled_map":16,"minecraft:turtle_helmet":1,"minecraft:diamond_sword":17,"minecraft:lead":16,"minecraft:carrot_on_a_stick":2,"minecraft:potion":1,"minecraft:netherite_leggings":1,"minecraft:string":31,"minecraft:elytra":2,"minecraft:item_frame":26,"minecraft:red_carpet":1,"minecraft:bone":9,"minecraft:cherry_boat":1,"minecraft:netherite_sword":1,"minecraft:rabbit":2,"minecraft:glass_bottle":3,"minecraft:glowstone_dust":32,"minecraft:sculk_catalyst":18,"minecraft:stick":134,"minecraft:milk_bucket":1,"minecraft:oak_fence":130,"minecraft:jungle_planks":250,"minecraft:porkchop":8,"minecraft:redstone":4,"minecraft:spider_eye":2,"minecraft:rabbit_foot":1,"minecraft:sniffer_egg":6,"minecraft:firework_rocket":320,"minecraft:arrow":4,"minecraft:rotten_flesh":9,"minecraft:netherite_helmet":2,"minecraft:honey_block":1,"minecraft:lever":12,"minecraft:gold_ingot":1,"minecraft:white_concrete":2,"minecraft:saddle":8,"minecraft:totem_of_undying":260,"minecraft:netherite_chestplate":2,"minecraft:red_concrete":5,"minecraft:ender_pearl":16},"minecraft:killed":{"minecraft:pig":3,"minecraft:witch":1,"minecraft:giant":2,"minecraft:rabbit":2,"minecraft:bat":1,"minecraft:dolphin":1,"minecraft:strider":4,"minecraft:warden":13,"minecraft:turtle":2,"minecraft:villager":1},"minecraft:dropped":{"minecraft:water_bucket":1,"minecraft:red_concrete":1,"minecraft:porkchop":1,"minecraft:lead":5,"minecraft:saddle":1,"minecraft:totem_of_undying":6,"minecraft:spruce_fence":1,"minecraft:carrot_on_a_stick":1,"minecraft:stick":1,"minecraft:lava_bucket":1,"minecraft:diamond_sword":5,"minecraft:turtle_helmet":2,"minecraft:milk_bucket":1,"minecraft:honey_block":1,"minecraft:axolotl_bucket":1,"minecraft:bone":1},"minecraft:used":{"minecraft:cherry_boat":1,"minecraft:oak_fence":23,"minecraft:netherite_sword":47,"minecraft:end_rod":22,"minecraft:iron_bars":64,"minecraft:spruce_door":1,"minecraft:flint_and_steel":2,"minecraft:netherite_chestplate":1,"minecraft:dispenser":13,"minecraft:red_concrete":118,"minecraft:lead":1,"minecraft:redstone":2,"minecraft:powered_rail":6,"minecraft:carrot_on_a_stick":14,"minecraft:elytra":4,"minecraft:ender_pearl":14,"minecraft:white_terracotta":36,"minecraft:tinted_glass":5,"minecraft:stone":32,"minecraft:sniffer_egg":22,"minecraft:mangrove_fence":6,"minecraft:dragon_egg":4,"minecraft:soul_sand":53,"minecraft:anvil":2,"minecraft:rail":57,"minecraft:pink_terracotta":6,"minecraft:crossbow":3,"minecraft:white_bed":1,"minecraft:jungle_trapdoor":5,"minecraft:spruce_fence":11,"minecraft:spruce_log":56,"minecraft:milk_bucket":2,"minecraft:warden_spawn_egg":34,"minecraft:redstone_torch":5,"minecraft:sticky_piston":7,"minecraft:lever":7,"minecraft:black_wool":6,"minecraft:black_concrete":2,"minecraft:lava_bucket":141,"minecraft:firework_rocket":630,"minecraft:villager_spawn_egg":1,"minecraft:spruce_wood":30,"minecraft:slime_block":1,"minecraft:barrier":59,"minecraft:pig_spawn_egg":3,"minecraft:netherite_axe":4,"minecraft:lectern":1,"minecraft:totem_of_undying":152,"minecraft:glowstone":62,"minecraft:item_frame":289,"minecraft:bedrock":336,"minecraft:infested_mossy_stone_bricks":35,"minecraft:diamond_sword":93,"minecraft:repeater":3,"minecraft:red_carpet":10,"minecraft:bow":42,"minecraft:minecart":4,"minecraft:glass_pane":14,"minecraft:crimson_pressure_plate":6,"minecraft:brush":1,"minecraft:white_concrete":89,"minecraft:enchanted_golden_apple":1,"minecraft:splash_potion":99,"minecraft:cobweb":26,"minecraft:stripped_spruce_wood":9,"minecraft:birch_stairs":2}},"DataVersion":3465}