{"stats":{"minecraft:custom":{"minecraft:time_since_rest":49872,"minecraft:sprint_one_cm":46999,"minecraft:damage_taken":50,"minecraft:walk_one_cm":93584,"minecraft:mob_kills":3,"minecraft:interact_with_anvil":1,"minecraft:drop":8,"minecraft:minecart_one_cm":33284,"minecraft:damage_dealt":1002,"minecraft:talked_to_villager":27,"minecraft:fly_one_cm":430721,"minecraft:player_kills":2,"minecraft:crouch_one_cm":3624,"minecraft:play_time":49872,"minecraft:sneak_time":2635,"minecraft:walk_under_water_one_cm":1319,"minecraft:jump":249,"minecraft:leave_game":1,"minecraft:walk_on_water_one_cm":713,"minecraft:time_since_death":49872,"minecraft:total_world_time":49872,"minecraft:fall_one_cm":928},"minecraft:picked_up":{"minecraft:turtle_helmet":1,"minecraft:lead":2,"minecraft:red_carpet":1,"minecraft:lever":2,"minecraft:rabbit":2},"minecraft:killed":{"minecraft:rabbit":2,"minecraft:villager":1},"minecraft:dropped":{"minecraft:water_bucket":1,"minecraft:turtle_helmet":2,"minecraft:lead":4,"minecraft:axolotl_bucket":1},"minecraft:used":{"minecraft:warden_spawn_egg":5,"minecraft:redstone_torch":5,"minecraft:oak_fence":1,"minecraft:sticky_piston":1,"minecraft:netherite_sword":7,"minecraft:lever":4,"minecraft:black_wool":6,"minecraft:firework_rocket":65,"minecraft:villager_spawn_egg":1,"minecraft:spruce_door":1,"minecraft:flint_and_steel":2,"minecraft:spruce_wood":30,"minecraft:barrier":35,"minecraft:red_concrete":29,"minecraft:lead":1,"minecraft:powered_rail":6,"minecraft:redstone":2,"minecraft:slime_block":1,"minecraft:netherite_axe":4,"minecraft:ender_pearl":14,"minecraft:lectern":1,"minecraft:tinted_glass":5,"minecraft:stone":32,"minecraft:mangrove_fence":6,"minecraft:bedrock":336,"minecraft:red_carpet":10,"minecraft:repeater":3,"minecraft:rail":57,"minecraft:anvil":1,"minecraft:bow":2,"minecraft:minecart":4,"minecraft:glass_pane":14,"minecraft:white_bed":1,"minecraft:brush":1,"minecraft:white_concrete":30,"minecraft:spruce_log":56,"minecraft:stripped_spruce_wood":9,"minecraft:birch_stairs":2}},"DataVersion":3465}