{"stats":{"minecraft:dropped":{"minecraft:gravel":1,"minecraft:cooked_beef":1,"minecraft:cobbled_deepslate":5,"minecraft:dripstone_block":1,"minecraft:cooked_porkchop":10,"minecraft:rotten_flesh":7,"minecraft:cobblestone":71,"minecraft:oak_planks":11,"minecraft:granite":7,"minecraft:coal":1,"minecraft:stick":2,"minecraft:dirt":32,"minecraft:andesite":12,"minecraft:arrow":4,"minecraft:stone_pickaxe":2,"minecraft:wooden_pickaxe":1,"minecraft:bone":3},"minecraft:used":{"minecraft:cooked_mutton":1,"minecraft:water_bucket":14,"minecraft:flint_and_steel":1,"minecraft:stone_pickaxe":129,"minecraft:wooden_pickaxe":6,"minecraft:shield":7,"minecraft:iron_sword":78,"minecraft:cooked_chicken":1,"minecraft:iron_chestplate":1,"minecraft:oak_door":2,"minecraft:torch":71,"minecraft:dirt":1,"minecraft:mutton":1,"minecraft:crafting_table":5,"minecraft:diamond_pickaxe":2,"minecraft:iron_pickaxe":201,"minecraft:iron_boots":1,"minecraft:stone_axe":33,"minecraft:wooden_sword":15,"minecraft:cobblestone":87,"minecraft:furnace":1,"minecraft:cooked_porkchop":14,"minecraft:andesite":1,"minecraft:bucket":16,"minecraft:iron_leggings":1},"minecraft:custom":{"minecraft:interact_with_furnace":42,"minecraft:mob_kills":31,"minecraft:interact_with_crafting_table":25,"minecraft:leave_game":9,"minecraft:time_since_death":59278,"minecraft:time_since_rest":59311,"minecraft:sprint_one_cm":248574,"minecraft:damage_taken":1941,"minecraft:walk_one_cm":168940,"minecraft:damage_blocked_by_shield":195,"minecraft:drop":47,"minecraft:damage_dealt":5947,"minecraft:swim_one_cm":34505,"minecraft:fly_one_cm":264129,"minecraft:player_kills":1,"minecraft:open_chest":27,"minecraft:crouch_one_cm":10458,"minecraft:play_time":72830,"minecraft:deaths":4,"minecraft:sneak_time":4872,"minecraft:walk_under_water_one_cm":10498,"minecraft:jump":1617,"minecraft:walk_on_water_one_cm":13587,"minecraft:total_world_time":72830,"minecraft:fall_one_cm":46057},"minecraft:crafted":{"minecraft:cooked_beef":1,"minecraft:wooden_sword":1,"minecraft:oak_door":3,"minecraft:oak_planks":56,"minecraft:cooked_porkchop":19,"minecraft:crafting_table":4,"minecraft:spruce_planks":12,"minecraft:wooden_pickaxe":2,"minecraft:cooked_chicken":1,"minecraft:iron_sword":1,"minecraft:furnace":1,"minecraft:bucket":1,"minecraft:air":0,"minecraft:flint_and_steel":1,"minecraft:iron_chestplate":1,"minecraft:iron_boots":1,"minecraft:diamond_pickaxe":1,"minecraft:stick":44,"minecraft:iron_ingot":31,"minecraft:iron_pickaxe":1,"minecraft:stone_pickaxe":1,"minecraft:iron_leggings":1},"minecraft:killed_by":{"minecraft:skeleton":1,"minecraft:witch":1},"minecraft:killed":{"minecraft:pig":8,"minecraft:spider":2,"minecraft:skeleton":4,"minecraft:sheep":3,"minecraft:zombie":12,"minecraft:cow":1},"minecraft:picked_up":{"minecraft:crafting_table":3,"minecraft:andesite":13,"minecraft:wooden_pickaxe":1,"minecraft:oak_log":14,"minecraft:shield":1,"minecraft:dirt":12,"minecraft:cooked_mutton":1,"minecraft:bone":5,"minecraft:cobbled_deepslate":5,"minecraft:beef":3,"minecraft:stone_pickaxe":1,"minecraft:oak_planks":3,"minecraft:furnace":1,"minecraft:stick":3,"minecraft:raw_iron":30,"minecraft:oak_door":1,"minecraft:cooked_porkchop":5,"minecraft:torch":94,"minecraft:gravel":1,"minecraft:dripstone_block":1,"minecraft:porkchop":20,"minecraft:spruce_log":3,"minecraft:arrow":4,"minecraft:rotten_flesh":8,"minecraft:diamond":3,"minecraft:stone_axe":1,"minecraft:granite":7,"minecraft:black_wool":2,"minecraft:mutton":3,"minecraft:coal":3,"minecraft:white_wool":1,"minecraft:cobblestone":266},"minecraft:mined":{"minecraft:deepslate_diamond_ore":3,"minecraft:oak_door":1,"minecraft:crafting_table":3,"minecraft:granite":7,"minecraft:grass_block":2,"minecraft:cobblestone":4,"minecraft:spruce_leaves":1,"minecraft:oak_planks":3,"minecraft:furnace":1,"minecraft:iron_ore":31,"minecraft:fire":2,"minecraft:spruce_log":3,"minecraft:andesite":13,"minecraft:grass":5,"minecraft:oak_log":14,"minecraft:coal_ore":3,"minecraft:gravel":1,"minecraft:dripstone_block":1,"minecraft:dirt":10,"minecraft:stone":263,"minecraft:deepslate":5,"minecraft:oak_leaves":2,"minecraft:fern":6}},"DataVersion":3465}