{"stats":{"minecraft:crafted":{"minecraft:wooden_sword":1,"minecraft:oak_door":3,"minecraft:oak_planks":56,"minecraft:cooked_chicken":3,"minecraft:furnace":1,"minecraft:cooked_mutton":4,"minecraft:flint_and_steel":1,"minecraft:iron_boots":1,"minecraft:stone_pickaxe":1,"minecraft:cooked_beef":1,"minecraft:cooked_porkchop":19,"minecraft:crafting_table":4,"minecraft:spruce_planks":12,"minecraft:wooden_pickaxe":2,"minecraft:iron_sword":1,"minecraft:bucket":1,"minecraft:air":0,"minecraft:iron_chestplate":1,"minecraft:paper":6,"minecraft:diamond_pickaxe":1,"minecraft:stick":44,"minecraft:iron_ingot":34,"minecraft:iron_pickaxe":1,"minecraft:iron_leggings":1},"minecraft:killed":{"minecraft:spider":3,"minecraft:skeleton":14,"minecraft:chicken":5,"minecraft:pig":10,"minecraft:zombie_villager":1,"minecraft:sheep":5,"minecraft:zombie":19,"minecraft:cow":1},"minecraft:picked_up":{"minecraft:crafting_table":3,"minecraft:azure_bluet":1,"minecraft:chicken":4,"minecraft:wooden_pickaxe":1,"minecraft:shield":1,"minecraft:iron_axe":1,"minecraft:cobbled_deepslate":8,"minecraft:beef":3,"minecraft:poppy":1,"minecraft:iron_pickaxe":3,"minecraft:sugar_cane":6,"minecraft:furnace":1,"minecraft:raw_iron":38,"minecraft:stick":3,"minecraft:oak_door":1,"minecraft:torch":117,"minecraft:porkchop":20,"minecraft:pointed_dripstone":10,"minecraft:carrot":1,"minecraft:arrow":8,"minecraft:rotten_flesh":10,"minecraft:mutton":6,"minecraft:obsidian":10,"minecraft:white_wool":3,"minecraft:cobblestone":387,"minecraft:feather":7,"minecraft:cooked_beef":1,"minecraft:andesite":13,"minecraft:oak_log":14,"minecraft:dirt":13,"minecraft:cooked_mutton":4,"minecraft:bone":10,"minecraft:apple":1,"minecraft:wheat_seeds":1,"minecraft:stone_pickaxe":1,"minecraft:cooked_chicken":2,"minecraft:oak_planks":3,"minecraft:cooked_porkchop":13,"minecraft:sweet_berries":9,"minecraft:gravel":6,"minecraft:dripstone_block":1,"minecraft:amethyst_shard":4,"minecraft:spruce_log":3,"minecraft:diamond":6,"minecraft:stone_axe":1,"minecraft:granite":7,"minecraft:black_wool":2,"minecraft:coal":25},"minecraft:used":{"minecraft:flint_and_steel":16,"minecraft:shield":21,"minecraft:iron_sword":169,"minecraft:cooked_chicken":5,"minecraft:iron_chestplate":1,"minecraft:oak_door":2,"minecraft:torch":72,"minecraft:dirt":1,"minecraft:mutton":1,"minecraft:azure_bluet":1,"minecraft:obsidian":2,"minecraft:lava_bucket":9,"minecraft:iron_axe":6,"minecraft:iron_boots":1,"minecraft:furnace":1,"minecraft:cooked_beef":2,"minecraft:iron_leggings":1,"minecraft:cooked_mutton":4,"minecraft:water_bucket":52,"minecraft:stone_pickaxe":129,"minecraft:wooden_pickaxe":6,"minecraft:crafting_table":5,"minecraft:diamond_pickaxe":171,"minecraft:apple":1,"minecraft:chicken":2,"minecraft:iron_pickaxe":205,"minecraft:stone_axe":33,"minecraft:wooden_sword":15,"minecraft:cobblestone":123,"minecraft:cooked_porkchop":19,"minecraft:andesite":1,"minecraft:bucket":63},"minecraft:custom":{"minecraft:mob_kills":60,"minecraft:interact_with_crafting_table":26,"minecraft:leave_game":11,"minecraft:time_since_death":112695,"minecraft:sprint_one_cm":463935,"minecraft:walk_one_cm":317181,"minecraft:damage_blocked_by_shield":600,"minecraft:drop":98,"minecraft:play_time":126247,"minecraft:deaths":4,"minecraft:sneak_time":7494,"minecraft:walk_under_water_one_cm":24721,"minecraft:jump":2969,"minecraft:walk_on_water_one_cm":38555,"minecraft:total_world_time":126247,"minecraft:interact_with_furnace":54,"minecraft:time_since_rest":112728,"minecraft:damage_taken":2531,"minecraft:damage_dealt":10091,"minecraft:swim_one_cm":64679,"minecraft:player_kills":1,"minecraft:fly_one_cm":500675,"minecraft:open_chest":35,"minecraft:crouch_one_cm":18405,"minecraft:fall_one_cm":82090},"minecraft:mined":{"minecraft:large_amethyst_bud":4,"minecraft:deepslate_diamond_ore":6,"minecraft:oak_door":1,"minecraft:obsidian":10,"minecraft:granite":7,"minecraft:grass_block":2,"minecraft:spruce_leaves":1,"minecraft:large_fern":4,"minecraft:furnace":1,"minecraft:iron_ore":39,"minecraft:fire":12,"minecraft:andesite":13,"minecraft:azure_bluet":2,"minecraft:pointed_dripstone":8,"minecraft:stone":374,"minecraft:amethyst_cluster":1,"minecraft:crafting_table":3,"minecraft:poppy":1,"minecraft:cobblestone":22,"minecraft:oak_planks":3,"minecraft:sugar_cane":2,"minecraft:wall_torch":1,"minecraft:amethyst_block":1,"minecraft:sweet_berry_bush":4,"minecraft:spruce_log":3,"minecraft:grass":13,"minecraft:oak_log":14,"minecraft:coal_ore":5,"minecraft:dirt":10,"minecraft:dripstone_block":1,"minecraft:gravel":4,"minecraft:oak_leaves":4,"minecraft:deepslate":8,"minecraft:fern":7},"minecraft:dropped":{"minecraft:wheat_seeds":1,"minecraft:cooked_beef":4,"minecraft:dripstone_block":1,"minecraft:cooked_porkchop":10,"minecraft:feather":7,"minecraft:cobblestone":142,"minecraft:granite":7,"minecraft:coal":23,"minecraft:stick":2,"minecraft:dirt":33,"minecraft:torch":22,"minecraft:iron_axe":1,"minecraft:iron_pickaxe":3,"minecraft:bone":8,"minecraft:gravel":6,"minecraft:sweet_berries":9,"minecraft:cobbled_deepslate":5,"minecraft:obsidian":4,"minecraft:rotten_flesh":10,"minecraft:oak_planks":11,"minecraft:cooked_mutton":1,"minecraft:carrot":1,"minecraft:poppy":1,"minecraft:andesite":12,"minecraft:arrow":8,"minecraft:stone_pickaxe":2,"minecraft:wooden_pickaxe":1},"minecraft:killed_by":{"minecraft:skeleton":1,"minecraft:witch":1}},"DataVersion":3465}