{"stats":{"minecraft:crafted":{"minecraft:cooked_beef":11,"minecraft:oak_planks":128,"minecraft:cooked_porkchop":13,"minecraft:crafting_table":3,"minecraft:spruce_planks":84,"minecraft:wooden_pickaxe":4,"minecraft:cooked_chicken":2,"minecraft:furnace":6,"minecraft:cobblestone_stairs":32,"minecraft:stone_axe":3,"minecraft:cooked_mutton":3,"minecraft:air":0,"minecraft:flint_and_steel":1,"minecraft:shield":3,"minecraft:iron_axe":2,"minecraft:stick":68,"minecraft:iron_pickaxe":3,"minecraft:iron_ingot":14,"minecraft:stone_pickaxe":4,"minecraft:chest":2,"minecraft:white_bed":1,"minecraft:torch":84},"minecraft:killed":{"minecraft:wolf":2,"minecraft:pig":4,"minecraft:salmon":5,"minecraft:spider":1,"minecraft:skeleton":7,"minecraft:sheep":4,"minecraft:zombie":3,"minecraft:chicken":3,"minecraft:cow":4},"minecraft:broken":{"minecraft:stone_pickaxe":3,"minecraft:wooden_pickaxe":1},"minecraft:picked_up":{"minecraft:wooden_axe":5,"minecraft:crafting_table":2,"minecraft:feather":2,"minecraft:cooked_beef":11,"minecraft:chicken":3,"minecraft:salmon":4,"minecraft:andesite":15,"minecraft:leather":3,"minecraft:wooden_pickaxe":11,"minecraft:flint":4,"minecraft:oak_log":76,"minecraft:shield":2,"minecraft:dirt":77,"minecraft:string":3,"minecraft:iron_axe":4,"minecraft:flint_and_steel":1,"minecraft:cooked_mutton":5,"minecraft:bone":15,"minecraft:apple":1,"minecraft:spruce_planks":62,"minecraft:iron_ingot":1,"minecraft:beef":9,"minecraft:stone_pickaxe":10,"minecraft:iron_pickaxe":4,"minecraft:oak_planks":12,"minecraft:stick":36,"minecraft:raw_iron":18,"minecraft:pumpkin":21,"minecraft:sweet_berries":9,"minecraft:torch":41,"minecraft:dripstone_block":15,"minecraft:gravel":15,"minecraft:porkchop":12,"minecraft:pointed_dripstone":71,"minecraft:spruce_sapling":10,"minecraft:carrot":1,"minecraft:spruce_log":42,"minecraft:arrow":20,"minecraft:rotten_flesh":4,"minecraft:stone_axe":10,"minecraft:granite":5,"minecraft:bone_meal":1,"minecraft:black_wool":1,"minecraft:oak_sapling":14,"minecraft:mutton":5,"minecraft:coal":290,"minecraft:white_wool":4,"minecraft:cobblestone":372},"minecraft:mined":{"minecraft:spruce_planks":14,"minecraft:crafting_table":2,"minecraft:torch":1,"minecraft:granite":5,"minecraft:grass_block":30,"minecraft:cobblestone":4,"minecraft:spruce_leaves":56,"minecraft:sweet_berry_bush":7,"minecraft:iron_ore":18,"minecraft:fire":6,"minecraft:spruce_log":40,"minecraft:andesite":5,"minecraft:birch_leaves":1,"minecraft:pumpkin":21,"minecraft:grass":3,"minecraft:coal_ore":133,"minecraft:pointed_dripstone":10,"minecraft:oak_log":60,"minecraft:gravel":20,"minecraft:dripstone_block":6,"minecraft:dirt":51,"minecraft:stone":291,"minecraft:oak_leaves":142,"minecraft:fern":1},"minecraft:custom":{"minecraft:interact_with_furnace":45,"minecraft:mob_kills":34,"minecraft:interact_with_crafting_table":25,"minecraft:leave_game":1,"minecraft:time_since_death":23765,"minecraft:sleep_in_bed":1,"minecraft:time_since_rest":2943,"minecraft:sprint_one_cm":262421,"minecraft:damage_taken":3470,"minecraft:walk_one_cm":384510,"minecraft:damage_blocked_by_shield":215,"minecraft:drop":43,"minecraft:damage_dealt":4712,"minecraft:swim_one_cm":21784,"minecraft:fly_one_cm":187177,"minecraft:player_kills":2,"minecraft:open_chest":24,"minecraft:crouch_one_cm":7865,"minecraft:play_time":110099,"minecraft:deaths":7,"minecraft:sneak_time":2375,"minecraft:walk_under_water_one_cm":24303,"minecraft:jump":1692,"minecraft:walk_on_water_one_cm":13302,"minecraft:total_world_time":110099,"minecraft:fall_one_cm":62322},"minecraft:used":{"minecraft:cooked_mutton":1,"minecraft:cobblestone_stairs":18,"minecraft:flint_and_steel":31,"minecraft:stone_pickaxe":442,"minecraft:oak_planks":34,"minecraft:spruce_planks":40,"minecraft:shield":12,"minecraft:chest":2,"minecraft:wooden_pickaxe":64,"minecraft:cooked_chicken":2,"minecraft:torch":47,"minecraft:dirt":19,"minecraft:mutton":4,"minecraft:crafting_table":4,"minecraft:carrot":1,"minecraft:white_bed":1,"minecraft:dripstone_block":5,"minecraft:wooden_axe":13,"minecraft:apple":1,"minecraft:iron_axe":164,"minecraft:iron_pickaxe":123,"minecraft:gravel":10,"minecraft:stone_axe":72,"minecraft:cobblestone":161,"minecraft:sweet_berries":9,"minecraft:furnace":6,"minecraft:cooked_porkchop":4,"minecraft:andesite":5,"minecraft:cooked_beef":9},"minecraft:dropped":{"minecraft:gravel":4,"minecraft:stone_axe":1,"minecraft:cooked_porkchop":1,"minecraft:pointed_dripstone":21,"minecraft:cobblestone":2,"minecraft:cooked_mutton":5,"minecraft:shield":2,"minecraft:torch":41,"minecraft:wooden_axe":1,"minecraft:oak_sapling":7,"minecraft:spruce_log":1,"minecraft:iron_axe":1,"minecraft:wooden_pickaxe":5,"minecraft:iron_pickaxe":2,"minecraft:white_wool":2,"minecraft:spruce_sapling":5},"minecraft:killed_by":{"minecraft:player":1,"minecraft:skeleton":2}},"DataVersion":3465}