{"stats":{"minecraft:crafted":{"minecraft:cooked_beef":11,"minecraft:oak_planks":44,"minecraft:cooked_porkchop":4,"minecraft:crafting_table":2,"minecraft:spruce_planks":84,"minecraft:wooden_pickaxe":4,"minecraft:cooked_chicken":2,"minecraft:furnace":4,"minecraft:cobblestone_stairs":32,"minecraft:stone_axe":3,"minecraft:cooked_mutton":3,"minecraft:air":0,"minecraft:flint_and_steel":1,"minecraft:shield":3,"minecraft:iron_axe":2,"minecraft:stick":36,"minecraft:iron_pickaxe":3,"minecraft:iron_ingot":14,"minecraft:stone_pickaxe":4,"minecraft:chest":2,"minecraft:torch":44},"minecraft:killed":{"minecraft:wolf":2,"minecraft:pig":1,"minecraft:spider":1,"minecraft:skeleton":6,"minecraft:sheep":1,"minecraft:zombie":2,"minecraft:chicken":3,"minecraft:cow":4},"minecraft:broken":{"minecraft:stone_pickaxe":3,"minecraft:wooden_pickaxe":1},"minecraft:picked_up":{"minecraft:wooden_axe":5,"minecraft:crafting_table":2,"minecraft:feather":2,"minecraft:cooked_beef":10,"minecraft:chicken":3,"minecraft:andesite":15,"minecraft:leather":3,"minecraft:wooden_pickaxe":11,"minecraft:flint":4,"minecraft:oak_log":55,"minecraft:shield":1,"minecraft:dirt":67,"minecraft:string":1,"minecraft:iron_axe":3,"minecraft:flint_and_steel":1,"minecraft:bone":15,"minecraft:apple":1,"minecraft:spruce_planks":62,"minecraft:beef":9,"minecraft:stone_pickaxe":10,"minecraft:iron_pickaxe":1,"minecraft:stick":36,"minecraft:raw_iron":18,"minecraft:pumpkin":21,"minecraft:torch":19,"minecraft:dripstone_block":14,"minecraft:gravel":15,"minecraft:porkchop":3,"minecraft:pointed_dripstone":50,"minecraft:spruce_sapling":10,"minecraft:spruce_log":37,"minecraft:arrow":19,"minecraft:stone_axe":10,"minecraft:granite":5,"minecraft:oak_sapling":14,"minecraft:mutton":1,"minecraft:coal":267,"minecraft:white_wool":1,"minecraft:cobblestone":305},"minecraft:used":{"minecraft:cobblestone_stairs":18,"minecraft:flint_and_steel":31,"minecraft:stone_pickaxe":442,"minecraft:spruce_planks":40,"minecraft:shield":7,"minecraft:chest":2,"minecraft:wooden_pickaxe":64,"minecraft:cooked_chicken":2,"minecraft:torch":22,"minecraft:dirt":10,"minecraft:crafting_table":3,"minecraft:dripstone_block":5,"minecraft:wooden_axe":13,"minecraft:apple":1,"minecraft:iron_axe":109,"minecraft:iron_pickaxe":56,"minecraft:gravel":10,"minecraft:stone_axe":72,"minecraft:cobblestone":137,"minecraft:furnace":4,"minecraft:cooked_porkchop":3,"minecraft:andesite":5,"minecraft:cooked_beef":7},"minecraft:mined":{"minecraft:spruce_planks":14,"minecraft:crafting_table":2,"minecraft:torch":1,"minecraft:granite":5,"minecraft:grass_block":21,"minecraft:cobblestone":4,"minecraft:spruce_leaves":55,"minecraft:iron_ore":18,"minecraft:fire":6,"minecraft:spruce_log":35,"minecraft:andesite":5,"minecraft:birch_leaves":1,"minecraft:pumpkin":21,"minecraft:grass":3,"minecraft:coal_ore":132,"minecraft:pointed_dripstone":5,"minecraft:oak_log":39,"minecraft:gravel":20,"minecraft:dripstone_block":5,"minecraft:dirt":50,"minecraft:stone":230,"minecraft:oak_leaves":140,"minecraft:fern":1},"minecraft:custom":{"minecraft:interact_with_furnace":38,"minecraft:mob_kills":20,"minecraft:interact_with_crafting_table":20,"minecraft:leave_game":1,"minecraft:time_since_death":22416,"minecraft:time_since_rest":22444,"minecraft:sprint_one_cm":200648,"minecraft:damage_taken":2762,"minecraft:walk_one_cm":325767,"minecraft:damage_blocked_by_shield":85,"minecraft:drop":39,"minecraft:damage_dealt":3543,"minecraft:swim_one_cm":2832,"minecraft:fly_one_cm":134304,"minecraft:player_kills":2,"minecraft:open_chest":22,"minecraft:crouch_one_cm":7803,"minecraft:play_time":86099,"minecraft:deaths":6,"minecraft:sneak_time":2253,"minecraft:walk_under_water_one_cm":762,"minecraft:jump":1155,"minecraft:walk_on_water_one_cm":3650,"minecraft:total_world_time":86099,"minecraft:fall_one_cm":39815},"minecraft:dropped":{"minecraft:gravel":4,"minecraft:stone_axe":1,"minecraft:cooked_porkchop":1,"minecraft:pointed_dripstone":21,"minecraft:cobblestone":2,"minecraft:cooked_mutton":1,"minecraft:shield":2,"minecraft:torch":41,"minecraft:wooden_axe":1,"minecraft:oak_sapling":7,"minecraft:spruce_log":1,"minecraft:iron_axe":1,"minecraft:wooden_pickaxe":5,"minecraft:iron_pickaxe":2,"minecraft:white_wool":2,"minecraft:spruce_sapling":5},"minecraft:killed_by":{"minecraft:player":1,"minecraft:skeleton":2}},"DataVersion":3465}