{"stats":{"minecraft:dropped":{"minecraft:spruce_log":1,"minecraft:wooden_pickaxe":2},"minecraft:used":{"minecraft:wooden_axe":13,"minecraft:stone_pickaxe":128,"minecraft:spruce_planks":16,"minecraft:wooden_pickaxe":14,"minecraft:stone_axe":23,"minecraft:cobblestone":4,"minecraft:crafting_table":1},"minecraft:custom":{"minecraft:time_since_rest":4310,"minecraft:sprint_one_cm":46635,"minecraft:damage_taken":925,"minecraft:walk_one_cm":74646,"minecraft:mob_kills":5,"minecraft:drop":3,"minecraft:damage_dealt":1280,"minecraft:interact_with_crafting_table":3,"minecraft:fly_one_cm":27197,"minecraft:crouch_one_cm":172,"minecraft:play_time":18000,"minecraft:deaths":3,"minecraft:sneak_time":42,"minecraft:jump":253,"minecraft:time_since_death":4285,"minecraft:walk_on_water_one_cm":991,"minecraft:total_world_time":18000,"minecraft:fall_one_cm":12012},"minecraft:crafted":{"minecraft:crafting_table":1,"minecraft:spruce_planks":56,"minecraft:stick":20,"minecraft:wooden_pickaxe":4,"minecraft:stone_pickaxe":2,"minecraft:stone_axe":2},"minecraft:killed_by":{"minecraft:skeleton":2},"minecraft:killed":{"minecraft:skeleton":3,"minecraft:zombie":2},"minecraft:picked_up":{"minecraft:wooden_axe":4,"minecraft:stick":16,"minecraft:andesite":10,"minecraft:wooden_pickaxe":6,"minecraft:dripstone_block":9,"minecraft:spruce_sapling":2,"minecraft:oak_log":16,"minecraft:pointed_dripstone":27,"minecraft:spruce_log":15,"minecraft:bone":11,"minecraft:arrow":11,"minecraft:stone_axe":6,"minecraft:spruce_planks":42,"minecraft:stone_pickaxe":6,"minecraft:coal":112,"minecraft:cobblestone":83},"minecraft:mined":{"minecraft:andesite":5,"minecraft:spruce_log":14,"minecraft:pointed_dripstone":4,"minecraft:coal_ore":77,"minecraft:oak_log":4,"minecraft:dripstone_block":5,"minecraft:cobblestone":1,"minecraft:spruce_leaves":3,"minecraft:stone":47,"minecraft:oak_leaves":11,"minecraft:fern":1}},"DataVersion":3465}