{"stats":{"minecraft:dropped":{"minecraft:stone_axe":1,"minecraft:cooked_porkchop":1,"minecraft:cooked_mutton":1,"minecraft:shield":1,"minecraft:torch":36,"minecraft:spruce_log":1,"minecraft:wooden_pickaxe":4},"minecraft:used":{"minecraft:cobblestone_stairs":18,"minecraft:stone_pickaxe":394,"minecraft:spruce_planks":30,"minecraft:chest":2,"minecraft:wooden_pickaxe":64,"minecraft:torch":22,"minecraft:dirt":9,"minecraft:crafting_table":3,"minecraft:dripstone_block":5,"minecraft:wooden_axe":13,"minecraft:gravel":10,"minecraft:stone_axe":60,"minecraft:cobblestone":119,"minecraft:furnace":4,"minecraft:cooked_porkchop":3,"minecraft:andesite":5,"minecraft:cooked_beef":1},"minecraft:custom":{"minecraft:interact_with_furnace":29,"minecraft:mob_kills":17,"minecraft:interact_with_crafting_table":16,"minecraft:time_since_death":30608,"minecraft:time_since_rest":30633,"minecraft:sprint_one_cm":115464,"minecraft:damage_taken":1866,"minecraft:walk_one_cm":209784,"minecraft:drop":11,"minecraft:damage_dealt":2565,"minecraft:swim_one_cm":2832,"minecraft:fly_one_cm":75497,"minecraft:open_chest":12,"minecraft:crouch_one_cm":1498,"minecraft:play_time":54000,"minecraft:deaths":5,"minecraft:sneak_time":656,"minecraft:walk_under_water_one_cm":762,"minecraft:jump":773,"minecraft:walk_on_water_one_cm":3191,"minecraft:total_world_time":54000,"minecraft:fall_one_cm":29194},"minecraft:crafted":{"minecraft:cooked_beef":6,"minecraft:oak_planks":16,"minecraft:cooked_porkchop":4,"minecraft:crafting_table":2,"minecraft:spruce_planks":84,"minecraft:wooden_pickaxe":4,"minecraft:cooked_chicken":2,"minecraft:furnace":4,"minecraft:cobblestone_stairs":32,"minecraft:stone_axe":3,"minecraft:cooked_mutton":3,"minecraft:air":0,"minecraft:flint_and_steel":1,"minecraft:shield":2,"minecraft:stick":32,"minecraft:iron_ingot":12,"minecraft:stone_pickaxe":4,"minecraft:chest":2,"minecraft:torch":44},"minecraft:killed_by":{"minecraft:skeleton":2},"minecraft:killed":{"minecraft:wolf":2,"minecraft:pig":1,"minecraft:spider":1,"minecraft:skeleton":4,"minecraft:sheep":1,"minecraft:zombie":2,"minecraft:chicken":2,"minecraft:cow":4},"minecraft:broken":{"minecraft:stone_pickaxe":3,"minecraft:wooden_pickaxe":1},"minecraft:picked_up":{"minecraft:wooden_axe":5,"minecraft:crafting_table":2,"minecraft:feather":1,"minecraft:chicken":2,"minecraft:andesite":15,"minecraft:leather":3,"minecraft:wooden_pickaxe":11,"minecraft:flint":4,"minecraft:oak_log":20,"minecraft:dirt":30,"minecraft:bone":11,"minecraft:apple":1,"minecraft:spruce_planks":46,"minecraft:beef":9,"minecraft:stone_pickaxe":9,"minecraft:stick":28,"minecraft:raw_iron":12,"minecraft:pumpkin":21,"minecraft:torch":19,"minecraft:dripstone_block":14,"minecraft:gravel":14,"minecraft:porkchop":3,"minecraft:spruce_sapling":7,"minecraft:pointed_dripstone":48,"minecraft:spruce_log":22,"minecraft:arrow":18,"minecraft:stone_axe":8,"minecraft:oak_sapling":7,"minecraft:mutton":1,"minecraft:coal":245,"minecraft:white_wool":1,"minecraft:cobblestone":257},"minecraft:mined":{"minecraft:spruce_planks":4,"minecraft:crafting_table":2,"minecraft:torch":1,"minecraft:grass_block":13,"minecraft:cobblestone":3,"minecraft:spruce_leaves":49,"minecraft:iron_ore":12,"minecraft:spruce_log":21,"minecraft:andesite":5,"minecraft:pumpkin":21,"minecraft:grass":3,"minecraft:oak_log":4,"minecraft:pointed_dripstone":4,"minecraft:coal_ore":111,"minecraft:gravel":19,"minecraft:dripstone_block":5,"minecraft:dirt":17,"minecraft:stone":185,"minecraft:oak_leaves":99,"minecraft:fern":1}},"DataVersion":3465}