{"stats":{"minecraft:crafted":{"minecraft:oak_planks":128,"minecraft:cooked_chicken":6,"minecraft:furnace":6,"minecraft:cobblestone_stairs":32,"minecraft:cooked_mutton":11,"minecraft:flint_and_steel":1,"minecraft:bow":1,"minecraft:iron_axe":2,"minecraft:stone_pickaxe":4,"minecraft:chest":3,"minecraft:cooked_beef":21,"minecraft:cooked_porkchop":25,"minecraft:crafting_table":3,"minecraft:spruce_planks":84,"minecraft:wooden_pickaxe":4,"minecraft:cooked_salmon":11,"minecraft:stone_axe":3,"minecraft:air":0,"minecraft:iron_chestplate":1,"minecraft:shield":3,"minecraft:stick":68,"minecraft:iron_ingot":22,"minecraft:iron_pickaxe":3,"minecraft:white_bed":1,"minecraft:torch":84},"minecraft:killed":{"minecraft:spider":1,"minecraft:skeleton":10,"minecraft:chicken":3,"minecraft:wolf":2,"minecraft:pig":9,"minecraft:salmon":19,"minecraft:sheep":9,"minecraft:zombie":3,"minecraft:cow":6},"minecraft:broken":{"minecraft:wooden_pickaxe":1,"minecraft:stone_pickaxe":3},"minecraft:picked_up":{"minecraft:wooden_axe":5,"minecraft:crafting_table":3,"minecraft:chicken":3,"minecraft:wooden_pickaxe":11,"minecraft:shield":2,"minecraft:string":7,"minecraft:iron_axe":4,"minecraft:cooked_salmon":4,"minecraft:flint_and_steel":1,"minecraft:spruce_planks":62,"minecraft:beef":14,"minecraft:iron_pickaxe":4,"minecraft:sugar_cane":3,"minecraft:chest":1,"minecraft:furnace":2,"minecraft:raw_iron":18,"minecraft:stick":36,"minecraft:torch":41,"minecraft:porkchop":23,"minecraft:pointed_dripstone":93,"minecraft:carrot":1,"minecraft:arrow":26,"minecraft:rotten_flesh":8,"minecraft:mutton":13,"minecraft:white_wool":9,"minecraft:cobblestone":441,"minecraft:feather":2,"minecraft:cooked_beef":11,"minecraft:andesite":15,"minecraft:salmon":15,"minecraft:leather":5,"minecraft:flint":4,"minecraft:oak_log":94,"minecraft:gunpowder":2,"minecraft:dirt":105,"minecraft:cooked_mutton":5,"minecraft:bone":16,"minecraft:apple":1,"minecraft:bow":1,"minecraft:iron_ingot":2,"minecraft:stone_pickaxe":10,"minecraft:oak_planks":43,"minecraft:pumpkin":21,"minecraft:sweet_berries":75,"minecraft:gravel":15,"minecraft:dripstone_block":17,"minecraft:spruce_sapling":11,"minecraft:white_bed":2,"minecraft:spruce_log":47,"minecraft:stone_axe":10,"minecraft:granite":5,"minecraft:bone_meal":3,"minecraft:oak_sapling":14,"minecraft:black_wool":1,"minecraft:coal":318},"minecraft:used":{"minecraft:flint_and_steel":31,"minecraft:chest":3,"minecraft:spruce_planks":40,"minecraft:shield":20,"minecraft:cooked_chicken":2,"minecraft:iron_chestplate":1,"minecraft:torch":68,"minecraft:dirt":46,"minecraft:mutton":4,"minecraft:carrot":1,"minecraft:wooden_axe":13,"minecraft:iron_axe":262,"minecraft:sweet_berries":47,"minecraft:furnace":6,"minecraft:cooked_beef":9,"minecraft:cooked_mutton":6,"minecraft:cobblestone_stairs":18,"minecraft:stone_pickaxe":442,"minecraft:oak_planks":40,"minecraft:wooden_pickaxe":64,"minecraft:crafting_table":4,"minecraft:white_bed":3,"minecraft:dripstone_block":5,"minecraft:apple":1,"minecraft:iron_pickaxe":179,"minecraft:gravel":10,"minecraft:stone_axe":72,"minecraft:cobblestone":229,"minecraft:cooked_porkchop":6,"minecraft:andesite":5},"minecraft:custom":{"minecraft:mob_kills":64,"minecraft:interact_with_crafting_table":28,"minecraft:leave_game":1,"minecraft:time_since_death":59765,"minecraft:sprint_one_cm":380990,"minecraft:walk_one_cm":465853,"minecraft:damage_blocked_by_shield":450,"minecraft:drop":44,"minecraft:play_time":146099,"minecraft:deaths":7,"minecraft:sneak_time":2973,"minecraft:walk_under_water_one_cm":33900,"minecraft:jump":2724,"minecraft:walk_on_water_one_cm":19513,"minecraft:total_world_time":146099,"minecraft:interact_with_furnace":59,"minecraft:sleep_in_bed":2,"minecraft:time_since_rest":25015,"minecraft:damage_taken":4176,"minecraft:damage_dealt":6802,"minecraft:player_kills":2,"minecraft:swim_one_cm":52567,"minecraft:fly_one_cm":301697,"minecraft:open_chest":32,"minecraft:crouch_one_cm":9207,"minecraft:fall_one_cm":100078},"minecraft:mined":{"minecraft:spruce_planks":14,"minecraft:white_bed":2,"minecraft:granite":5,"minecraft:grass_block":50,"minecraft:spruce_leaves":59,"minecraft:tall_seagrass":2,"minecraft:furnace":2,"minecraft:fire":6,"minecraft:iron_ore":18,"minecraft:andesite":5,"minecraft:pumpkin":21,"minecraft:pointed_dripstone":10,"minecraft:stone":326,"minecraft:crafting_table":3,"minecraft:torch":1,"minecraft:chest":1,"minecraft:cobblestone":4,"minecraft:sugar_cane":5,"minecraft:seagrass":1,"minecraft:sweet_berry_bush":37,"minecraft:spruce_log":40,"minecraft:birch_leaves":3,"minecraft:grass":4,"minecraft:oak_log":78,"minecraft:coal_ore":150,"minecraft:dirt":59,"minecraft:gravel":20,"minecraft:dripstone_block":6,"minecraft:oak_leaves":146,"minecraft:fern":3},"minecraft:dropped":{"minecraft:cooked_porkchop":1,"minecraft:cobblestone":2,"minecraft:torch":41,"minecraft:wooden_axe":1,"minecraft:iron_axe":1,"minecraft:iron_pickaxe":2,"minecraft:white_wool":2,"minecraft:spruce_sapling":5,"minecraft:gravel":4,"minecraft:stone_axe":1,"minecraft:pointed_dripstone":22,"minecraft:cooked_mutton":5,"minecraft:shield":2,"minecraft:oak_sapling":7,"minecraft:spruce_log":1,"minecraft:wooden_pickaxe":5},"minecraft:killed_by":{"minecraft:player":1,"minecraft:skeleton":2}},"DataVersion":3465}