{"stats":{"minecraft:dropped":{"minecraft:stone_axe":1,"minecraft:cooked_porkchop":1,"minecraft:cooked_mutton":1,"minecraft:shield":1,"minecraft:torch":36,"minecraft:spruce_log":1,"minecraft:wooden_pickaxe":4},"minecraft:used":{"minecraft:cobblestone_stairs":18,"minecraft:stone_pickaxe":261,"minecraft:spruce_planks":30,"minecraft:chest":2,"minecraft:wooden_pickaxe":64,"minecraft:torch":10,"minecraft:dirt":7,"minecraft:crafting_table":2,"minecraft:dripstone_block":5,"minecraft:wooden_axe":13,"minecraft:stone_axe":37,"minecraft:cobblestone":86,"minecraft:furnace":4,"minecraft:cooked_porkchop":2,"minecraft:andesite":5},"minecraft:custom":{"minecraft:interact_with_furnace":15,"minecraft:mob_kills":9,"minecraft:interact_with_crafting_table":15,"minecraft:time_since_death":18608,"minecraft:time_since_rest":18633,"minecraft:sprint_one_cm":94157,"minecraft:damage_taken":1756,"minecraft:walk_one_cm":155246,"minecraft:drop":11,"minecraft:damage_dealt":1925,"minecraft:swim_one_cm":2832,"minecraft:fly_one_cm":59341,"minecraft:open_chest":6,"minecraft:crouch_one_cm":528,"minecraft:play_time":42000,"minecraft:deaths":5,"minecraft:sneak_time":249,"minecraft:walk_under_water_one_cm":762,"minecraft:jump":560,"minecraft:walk_on_water_one_cm":2316,"minecraft:total_world_time":42000,"minecraft:fall_one_cm":23306},"minecraft:crafted":{"minecraft:oak_planks":16,"minecraft:cooked_porkchop":3,"minecraft:crafting_table":2,"minecraft:spruce_planks":84,"minecraft:wooden_pickaxe":4,"minecraft:furnace":4,"minecraft:cobblestone_stairs":32,"minecraft:stone_axe":3,"minecraft:cooked_mutton":1,"minecraft:air":0,"minecraft:shield":2,"minecraft:stick":32,"minecraft:iron_ingot":8,"minecraft:stone_pickaxe":4,"minecraft:chest":2,"minecraft:torch":36},"minecraft:killed_by":{"minecraft:skeleton":2},"minecraft:killed":{"minecraft:pig":1,"minecraft:spider":1,"minecraft:skeleton":4,"minecraft:sheep":1,"minecraft:zombie":2},"minecraft:broken":{"minecraft:stone_pickaxe":2,"minecraft:wooden_pickaxe":1},"minecraft:picked_up":{"minecraft:wooden_axe":5,"minecraft:crafting_table":1,"minecraft:andesite":15,"minecraft:wooden_pickaxe":11,"minecraft:oak_log":20,"minecraft:dirt":24,"minecraft:bone":11,"minecraft:spruce_planks":42,"minecraft:stone_pickaxe":9,"minecraft:stick":25,"minecraft:raw_iron":6,"minecraft:pumpkin":21,"minecraft:torch":18,"minecraft:dripstone_block":14,"minecraft:porkchop":3,"minecraft:spruce_sapling":3,"minecraft:pointed_dripstone":48,"minecraft:spruce_log":22,"minecraft:arrow":18,"minecraft:stone_axe":8,"minecraft:oak_sapling":2,"minecraft:mutton":1,"minecraft:coal":244,"minecraft:white_wool":1,"minecraft:cobblestone":242},"minecraft:mined":{"minecraft:crafting_table":1,"minecraft:grass_block":11,"minecraft:cobblestone":2,"minecraft:spruce_leaves":3,"minecraft:iron_ore":6,"minecraft:spruce_log":21,"minecraft:andesite":5,"minecraft:pumpkin":21,"minecraft:oak_log":4,"minecraft:pointed_dripstone":4,"minecraft:coal_ore":110,"minecraft:dripstone_block":5,"minecraft:dirt":13,"minecraft:stone":171,"minecraft:oak_leaves":46,"minecraft:fern":1}},"DataVersion":3465}