{"stats":{"minecraft:dropped":{"minecraft:spruce_log":1,"minecraft:wooden_pickaxe":2},"minecraft:used":{"minecraft:wooden_axe":13,"minecraft:stone_pickaxe":227,"minecraft:spruce_planks":30,"minecraft:wooden_pickaxe":14,"minecraft:stone_axe":33,"minecraft:dirt":3,"minecraft:cobblestone":69,"minecraft:crafting_table":1,"minecraft:andesite":5,"minecraft:dripstone_block":4},"minecraft:custom":{"minecraft:time_since_rest":6633,"minecraft:sprint_one_cm":88377,"minecraft:damage_taken":1740,"minecraft:walk_one_cm":106378,"minecraft:mob_kills":8,"minecraft:drop":3,"minecraft:damage_dealt":1683,"minecraft:swim_one_cm":2832,"minecraft:interact_with_crafting_table":3,"minecraft:fly_one_cm":58951,"minecraft:crouch_one_cm":287,"minecraft:play_time":30000,"minecraft:deaths":5,"minecraft:sneak_time":62,"minecraft:walk_under_water_one_cm":762,"minecraft:jump":521,"minecraft:time_since_death":6608,"minecraft:walk_on_water_one_cm":2316,"minecraft:total_world_time":30000,"minecraft:fall_one_cm":23097},"minecraft:crafted":{"minecraft:crafting_table":2,"minecraft:spruce_planks":84,"minecraft:stick":20,"minecraft:wooden_pickaxe":4,"minecraft:stone_pickaxe":2,"minecraft:stone_axe":2},"minecraft:killed_by":{"minecraft:skeleton":2},"minecraft:killed":{"minecraft:sheep":1,"minecraft:skeleton":4,"minecraft:zombie":2,"minecraft:pig":1},"minecraft:broken":{"minecraft:stone_pickaxe":1},"minecraft:picked_up":{"minecraft:wooden_axe":5,"minecraft:stick":23,"minecraft:pumpkin":21,"minecraft:andesite":15,"minecraft:wooden_pickaxe":9,"minecraft:dripstone_block":14,"minecraft:porkchop":3,"minecraft:spruce_sapling":3,"minecraft:oak_log":20,"minecraft:pointed_dripstone":48,"minecraft:spruce_log":22,"minecraft:dirt":4,"minecraft:bone":11,"minecraft:arrow":18,"minecraft:stone_axe":8,"minecraft:spruce_planks":42,"minecraft:stone_pickaxe":9,"minecraft:oak_sapling":1,"minecraft:mutton":1,"minecraft:coal":239,"minecraft:white_wool":1,"minecraft:cobblestone":185},"minecraft:mined":{"minecraft:andesite":5,"minecraft:spruce_log":21,"minecraft:pumpkin":21,"minecraft:grass_block":1,"minecraft:pointed_dripstone":4,"minecraft:coal_ore":106,"minecraft:oak_log":4,"minecraft:dirt":3,"minecraft:dripstone_block":5,"minecraft:cobblestone":1,"minecraft:spruce_leaves":3,"minecraft:stone":115,"minecraft:oak_leaves":13,"minecraft:fern":1}},"DataVersion":3465}