{"stats":{"minecraft:dropped":{"minecraft:gravel":4,"minecraft:stone_axe":1,"minecraft:cooked_porkchop":1,"minecraft:pointed_dripstone":21,"minecraft:cobblestone":2,"minecraft:cooked_mutton":1,"minecraft:shield":2,"minecraft:torch":41,"minecraft:wooden_axe":1,"minecraft:oak_sapling":7,"minecraft:spruce_log":1,"minecraft:wooden_pickaxe":5,"minecraft:spruce_sapling":5},"minecraft:used":{"minecraft:cobblestone_stairs":18,"minecraft:flint_and_steel":24,"minecraft:stone_pickaxe":442,"minecraft:shield":7,"minecraft:spruce_planks":36,"minecraft:chest":2,"minecraft:wooden_pickaxe":64,"minecraft:cooked_chicken":2,"minecraft:torch":22,"minecraft:dirt":9,"minecraft:crafting_table":3,"minecraft:dripstone_block":5,"minecraft:wooden_axe":13,"minecraft:apple":1,"minecraft:iron_axe":9,"minecraft:gravel":10,"minecraft:stone_axe":72,"minecraft:cobblestone":130,"minecraft:furnace":4,"minecraft:cooked_porkchop":3,"minecraft:andesite":5,"minecraft:cooked_beef":3},"minecraft:custom":{"minecraft:interact_with_furnace":34,"minecraft:mob_kills":19,"minecraft:interact_with_crafting_table":18,"minecraft:time_since_death":2317,"minecraft:time_since_rest":2345,"minecraft:sprint_one_cm":142251,"minecraft:damage_taken":2537,"minecraft:walk_one_cm":266842,"minecraft:damage_blocked_by_shield":85,"minecraft:drop":34,"minecraft:damage_dealt":3168,"minecraft:swim_one_cm":2832,"minecraft:fly_one_cm":92385,"minecraft:player_kills":1,"minecraft:open_chest":17,"minecraft:crouch_one_cm":1512,"minecraft:play_time":66000,"minecraft:deaths":6,"minecraft:sneak_time":667,"minecraft:walk_under_water_one_cm":762,"minecraft:jump":913,"minecraft:walk_on_water_one_cm":3650,"minecraft:total_world_time":66000,"minecraft:fall_one_cm":32611},"minecraft:crafted":{"minecraft:cooked_beef":11,"minecraft:oak_planks":32,"minecraft:cooked_porkchop":4,"minecraft:crafting_table":2,"minecraft:spruce_planks":84,"minecraft:wooden_pickaxe":4,"minecraft:cooked_chicken":2,"minecraft:furnace":4,"minecraft:cobblestone_stairs":32,"minecraft:stone_axe":3,"minecraft:cooked_mutton":3,"minecraft:air":0,"minecraft:flint_and_steel":1,"minecraft:shield":3,"minecraft:iron_axe":2,"minecraft:stick":36,"minecraft:iron_ingot":14,"minecraft:stone_pickaxe":4,"minecraft:chest":2,"minecraft:torch":44},"minecraft:killed_by":{"minecraft:player":1,"minecraft:skeleton":2},"minecraft:killed":{"minecraft:wolf":2,"minecraft:pig":1,"minecraft:spider":1,"minecraft:skeleton":5,"minecraft:sheep":1,"minecraft:zombie":2,"minecraft:chicken":3,"minecraft:cow":4},"minecraft:broken":{"minecraft:stone_pickaxe":3,"minecraft:wooden_pickaxe":1},"minecraft:picked_up":{"minecraft:wooden_axe":5,"minecraft:crafting_table":2,"minecraft:feather":2,"minecraft:cooked_beef":8,"minecraft:chicken":3,"minecraft:andesite":15,"minecraft:leather":3,"minecraft:wooden_pickaxe":11,"minecraft:flint":4,"minecraft:oak_log":24,"minecraft:shield":1,"minecraft:string":1,"minecraft:dirt":67,"minecraft:iron_axe":2,"minecraft:flint_and_steel":1,"minecraft:bone":13,"minecraft:apple":1,"minecraft:spruce_planks":56,"minecraft:beef":9,"minecraft:stone_pickaxe":10,"minecraft:stick":31,"minecraft:raw_iron":18,"minecraft:pumpkin":21,"minecraft:torch":19,"minecraft:dripstone_block":14,"minecraft:gravel":14,"minecraft:porkchop":3,"minecraft:spruce_sapling":9,"minecraft:pointed_dripstone":48,"minecraft:spruce_log":22,"minecraft:arrow":18,"minecraft:stone_axe":10,"minecraft:granite":5,"minecraft:oak_sapling":7,"minecraft:mutton":1,"minecraft:coal":245,"minecraft:white_wool":1,"minecraft:cobblestone":270},"minecraft:mined":{"minecraft:spruce_planks":10,"minecraft:crafting_table":2,"minecraft:torch":1,"minecraft:granite":5,"minecraft:grass_block":21,"minecraft:cobblestone":3,"minecraft:spruce_leaves":49,"minecraft:fire":6,"minecraft:iron_ore":18,"minecraft:spruce_log":21,"minecraft:andesite":5,"minecraft:pumpkin":21,"minecraft:grass":3,"minecraft:oak_log":8,"minecraft:pointed_dripstone":4,"minecraft:coal_ore":111,"minecraft:gravel":19,"minecraft:dripstone_block":5,"minecraft:dirt":50,"minecraft:stone":197,"minecraft:oak_leaves":99,"minecraft:fern":1}},"DataVersion":3465}