{
  "minecraft:recipes/decorations/crafting_table": {
    "criteria": {
      "unlock_right_away": "2024-11-19 22:31:14 +0000"
    },
    "done": true
  },
  "minecraft:adventure/adventuring_time": {
    "criteria": {
      "minecraft:taiga": "2024-11-19 22:40:11 +0000",
      "minecraft:grove": "2024-11-19 22:40:02 +0000",
      "minecraft:forest": "2024-11-19 22:31:14 +0000"
    },
    "done": false
  },
  "minecraft:adventure/root": {
    "criteria": {
      "killed_by_something": "2024-11-19 22:42:22 +0000"
    },
    "done": true
  },
  "DataVersion": 3465
}